<eagle version="6.4"><drawing><settings><setting alwaysvectorfont="no" verticaltext="up"/></settings><grid altunit="inch" altunitdist="inch" altdistance="0.025" display="no" multiple="1" style="lines" unit="inch" unitdist="inch" distance="0.05"/><layers><layer active="yes" visible="yes" fill="1" color="1" name="Reference" number="49"/><layer active="yes" visible="yes" fill="1" color="6" name="tPlace" number="25"/><layer active="yes" visible="yes" fill="1" color="2" name="tDocu" number="21"/><layer active="yes" visible="yes" fill="1" color="2" name="tCream" number="31"/><layer active="yes" visible="yes" fill="1" color="4" name="TOP" number="1"/><layer active="yes" visible="yes" fill="1" color="15" name="tStop" number="29"/><layer active="yes" visible="yes" fill="1" color="1" name="BOTTOM" number="16"/><layer active="yes" visible="yes" fill="1" color="7" name="bStop" number="30"/><layer active="yes" visible="yes" fill="1" color="7" name="bCream" number="32"/><layer active="yes" visible="yes" fill="1" color="3" name="bDocu" number="22"/><layer active="yes" visible="yes" fill="1" color="3" name="bPlace" number="26"/><layer active="yes" visible="yes" fill="1" color="5" name="Holes" number="45"/><layer active="yes" visible="yes" fill="1" color="5" name="Info" number="97"/><layer active="yes" visible="yes" fill="1" color="5" name="Guide" number="98"/><layer active="yes" visible="yes" fill="1" color="4" name="tValues" number="27"/><layer active="yes" visible="yes" fill="1" color="4" name="bValues" number="28"/><layer active="yes" visible="yes" fill="1" color="4" name="INTERNAL1" number="2"/><layer active="yes" visible="yes" fill="1" color="6" name="INTERNAL2" number="3"/><layer active="yes" visible="yes" fill="1" color="5" name="INTERNAL3" number="4"/><layer active="yes" visible="yes" fill="1" color="5" name="INTERNAL4" number="5"/><layer active="yes" visible="yes" fill="1" color="1" name="INTERNAL5" number="6"/><layer active="yes" visible="yes" fill="1" color="1" name="INTERNAL6" number="7"/><layer active="yes" visible="yes" fill="1" color="1" name="INTERNAL7" number="8"/><layer active="yes" visible="yes" fill="1" color="1" name="INTERNAL8" number="9"/><layer active="yes" visible="yes" fill="1" color="2" name="Values" number="96"/><layer active="yes" visible="yes" fill="1" color="1" name="FAB" number="49"/><layer active="yes" visible="yes" fill="1" color="1" name="ASSEMBLY_DETAIL" number="49"/><layer active="yes" visible="yes" fill="1" color="1" name="BOARD_OUTLINE" number="49"/><layer active="yes" visible="yes" fill="1" color="1" name="CopyRight" number="49"/><layer active="yes" visible="yes" fill="1" color="1" name="BRDOUT" number="20"/><layer active="yes" visible="yes" fill="1" color="1" name="NOTES" number="48"/><layer active="yes" visible="yes" fill="1" color="1" name="ASSYNOTES" number="21"/><layer active="yes" visible="yes" fill="1" color="1" name="STACKUP" number="46"/></layers><board><plain><wire layer="49" width="0.0254" y2="63.5" x2="25.4" y1="25.4" x1="25.4"/><wire layer="49" width="0.1016" y2="63.5" x2="25.4" y1="25.4" x1="25.4"/><wire layer="49" width="0.0254" y2="63.5" x2="71.12" y1="63.5" x1="25.4"/><wire layer="49" width="0.1016" y2="63.5" x2="71.12" y1="63.5" x1="25.4"/><wire layer="49" width="0.0254" y2="25.4" x2="71.12" y1="63.5" x1="71.12"/><wire layer="49" width="0.1016" y2="25.4" x2="71.12" y1="63.5" x1="71.12"/><wire layer="49" width="0.0254" y2="25.4" x2="25.4" y1="25.4" x1="71.12"/><wire layer="49" width="0.1016" y2="25.4" x2="25.4" y1="25.4" x1="71.12"/></plain><libraries><library name="ultra-librarian"><packages><package name="TP-1502"><pad shape="round" drill="0.8128" y="0" x="0" name="1"/></package><package name="DQC0010A"><smd layer="1" dx="0.5" dy="0.25" y="1" x="-0.95" name="1"/><smd layer="1" dx="0.5" dy="0.25" y="0.5" x="-0.95" name="2"/><smd layer="1" dx="0.5" dy="0.25" y="0" x="-0.95" name="3"/><smd layer="1" dx="0.5" dy="0.25" y="-0.5" x="-0.95" name="4"/><smd layer="1" dx="0.5" dy="0.25" y="-1" x="-0.95" name="5"/><smd layer="1" dx="0.5" dy="0.25" y="-1" x="0.95" name="6"/><smd layer="1" dx="0.5" dy="0.25" y="-0.5" x="0.95" name="7"/><smd layer="1" dx="0.5" dy="0.25" y="0" x="0.95" name="8"/><smd layer="1" dx="0.5" dy="0.25" y="0.5" x="0.95" name="9"/><smd layer="1" dx="0.5" dy="0.25" y="1" x="0.95" name="10"/><smd layer="1" dx="0.84" dy="2.4" y="0" x="0" name="11"/><wire layer="21" width="0.2" y2="1.675" x2="1.175" y1="1.5" x1="1.175"/><wire layer="21" width="0.2" y2="1.675" x2="1.175" y1="1.675" x1="1"/><wire layer="21" width="0.2" y2="-1.675" x2="1.175" y1="-1.675" x1="1"/><wire layer="21" width="0.2" y2="-1.5" x2="1.175" y1="-1.675" x1="1.175"/><wire layer="21" width="0.2" y2="-1.675" x2="-1" y1="-1.675" x1="-1.175"/><wire layer="21" width="0.2" y2="-1.5" x2="-1.175" y1="-1.675" x1="-1.175"/><wire layer="21" width="0.2" y2="1.675" x2="-0.625" y1="1.675" x1="-1.175"/><wire layer="21" width="0.2" y2="1.675" x2="-1.175" y1="1.5" x1="-1.175"/><wire layer="25" width="0.1" y2="-1.55" x2="1.05" y1="-1.55" x1="-1.05"/><wire layer="25" width="0.1" y2="1.55" x2="1.05" y1="1.55" x1="-1.05"/><wire layer="25" width="0.1" y2="1.55" x2="1.05" y1="-1.55" x1="1.05"/><wire layer="25" width="0.1" y2="1.55" x2="-1.05" y1="-1.55" x1="-1.05"/><wire layer="25" width="0.1" y2="1.55" x2="-0.6" y1="1.1" x1="-1.05"/><polygon width="0.4604" layer="31"><vertex x="-0.4" y="0.148"/><vertex x="-0.4" y="1.132"/><vertex x="-0.3991" y="1.1414"/><vertex x="-0.3963" y="1.1504"/><vertex x="-0.3919" y="1.1587"/><vertex x="-0.3859" y="1.1659"/><vertex x="-0.3787" y="1.1719"/><vertex x="-0.3704" y="1.1763"/><vertex x="-0.3614" y="1.1791"/><vertex x="-0.352" y="1.18"/><vertex x="0.352" y="1.18"/><vertex x="0.3614" y="1.1791"/><vertex x="0.3704" y="1.1763"/><vertex x="0.3787" y="1.1719"/><vertex x="0.3859" y="1.1659"/><vertex x="0.3919" y="1.1587"/><vertex x="0.3963" y="1.1504"/><vertex x="0.3991" y="1.1414"/><vertex x="0.4" y="1.132"/><vertex x="0.4" y="0.148"/><vertex x="0.3991" y="0.1386"/><vertex x="0.3963" y="0.1296"/><vertex x="0.3919" y="0.1213"/><vertex x="0.3859" y="0.1141"/><vertex x="0.3787" y="0.1081"/><vertex x="0.3704" y="0.1037"/><vertex x="0.3614" y="0.1009"/><vertex x="0.352" y="0.1"/><vertex x="-0.352" y="0.1"/><vertex x="-0.3614" y="0.1009"/><vertex x="-0.3704" y="0.1037"/><vertex x="-0.3787" y="0.1081"/><vertex x="-0.3859" y="0.1141"/><vertex x="-0.3919" y="0.1213"/><vertex x="-0.3963" y="0.1296"/><vertex x="-0.3991" y="0.1386"/></polygon><polygon width="0.4604" layer="31"><vertex x="-0.4" y="-1.132"/><vertex x="-0.4" y="-0.148"/><vertex x="-0.3991" y="-0.1386"/><vertex x="-0.3963" y="-0.1296"/><vertex x="-0.3919" y="-0.1213"/><vertex x="-0.3859" y="-0.1141"/><vertex x="-0.3787" y="-0.1081"/><vertex x="-0.3704" y="-0.1037"/><vertex x="-0.3614" y="-0.1009"/><vertex x="-0.352" y="-0.1"/><vertex x="0.352" y="-0.1"/><vertex x="0.3614" y="-0.1009"/><vertex x="0.3704" y="-0.1037"/><vertex x="0.3787" y="-0.1081"/><vertex x="0.3859" y="-0.1141"/><vertex x="0.3919" y="-0.1213"/><vertex x="0.3963" y="-0.1296"/><vertex x="0.3991" y="-0.1386"/><vertex x="0.4" y="-0.148"/><vertex x="0.4" y="-1.132"/><vertex x="0.3991" y="-1.1414"/><vertex x="0.3963" y="-1.1504"/><vertex x="0.3919" y="-1.1587"/><vertex x="0.3859" y="-1.1659"/><vertex x="0.3787" y="-1.1719"/><vertex x="0.3704" y="-1.1763"/><vertex x="0.3614" y="-1.1791"/><vertex x="0.352" y="-1.18"/><vertex x="-0.352" y="-1.18"/><vertex x="-0.3614" y="-1.1791"/><vertex x="-0.3704" y="-1.1763"/><vertex x="-0.3787" y="-1.1719"/><vertex x="-0.3859" y="-1.1659"/><vertex x="-0.3919" y="-1.1587"/><vertex x="-0.3963" y="-1.1504"/><vertex x="-0.3991" y="-1.1414"/></polygon></package><package name="0402"><smd layer="1" dx="0.5588" dy="0.6096" y="0" x="-0.4191" name="1"/><smd layer="1" dx="0.5588" dy="0.6096" y="0" x="0.4191" name="2"/><wire layer="25" width="0" y2="0.3048" x2="-0.1397" y1="-0.3048" x1="-0.1397"/><wire layer="25" width="0" y2="0.3048" x2="-0.5461" y1="0.3048" x1="-0.1397"/><wire layer="25" width="0" y2="-0.3048" x2="-0.5461" y1="0.3048" x1="-0.5461"/><wire layer="25" width="0" y2="-0.3048" x2="-0.1397" y1="-0.3048" x1="-0.5461"/><wire layer="25" width="0" y2="-0.3048" x2="0.1397" y1="0.3048" x1="0.1397"/><wire layer="25" width="0" y2="-0.3048" x2="0.5461" y1="-0.3048" x1="0.1397"/><wire layer="25" width="0" y2="0.3048" x2="0.5461" y1="-0.3048" x1="0.5461"/><wire layer="25" width="0" y2="0.3048" x2="0.1397" y1="0.3048" x1="0.5461"/><wire layer="25" width="0" y2="-0.3048" x2="0.5461" y1="-0.3048" x1="-0.5461"/><wire layer="25" width="0" y2="0.3048" x2="0.5461" y1="-0.3048" x1="0.5461"/><wire layer="25" width="0" y2="0.3048" x2="-0.5461" y1="0.3048" x1="0.5461"/><wire layer="25" width="0" y2="-0.3048" x2="-0.5461" y1="0.3048" x1="-0.5461"/></package><package name="IND_NPI54C"><smd layer="1" dx="2.1463" dy="5.5118" y="0" x="-1.924" name="1"/><smd layer="1" dx="2.1463" dy="5.5118" y="0" x="1.924" name="2"/><wire layer="21" width="0.1524" y2="2.7559" x2="0.5182" y1="2.7559" x1="-0.5182"/><wire layer="21" width="0.1524" y2="-2.7559" x2="-0.5182" y1="-2.7559" x1="0.5182"/><wire layer="25" width="0" y2="2.7559" x2="3.048" y1="2.7559" x1="-3.048"/><wire layer="25" width="0" y2="2.7559" x2="3.048" y1="2.7559" x1="3.048"/><wire layer="25" width="0" y2="-2.7559" x2="3.048" y1="2.7559" x1="3.048"/><wire layer="25" width="0" y2="-2.7559" x2="3.048" y1="-2.7559" x1="3.048"/><wire layer="25" width="0" y2="-2.7559" x2="-3.048" y1="-2.7559" x1="3.048"/><wire layer="25" width="0" y2="-2.7559" x2="-3.048" y1="-2.7559" x1="-3.048"/><wire layer="25" width="0" y2="2.7559" x2="-3.048" y1="-2.7559" x1="-3.048"/><wire layer="25" width="0" y2="2.7559" x2="-3.048" y1="2.7559" x1="-3.048"/></package><package name="0603"><smd layer="1" dx="0.6604" dy="0.9652" y="0" x="-0.6985" name="1"/><smd layer="1" dx="0.6604" dy="0.9652" y="0" x="0.6985" name="2"/><wire layer="25" width="0" y2="0.4826" x2="-0.3683" y1="-0.4826" x1="-0.3683"/><wire layer="25" width="0" y2="0.4826" x2="-0.8763" y1="0.4826" x1="-0.3683"/><wire layer="25" width="0" y2="-0.4826" x2="-0.8763" y1="0.4826" x1="-0.8763"/><wire layer="25" width="0" y2="-0.4826" x2="-0.3683" y1="-0.4826" x1="-0.8763"/><wire layer="25" width="0" y2="-0.4826" x2="0.3683" y1="0.4826" x1="0.3683"/><wire layer="25" width="0" y2="-0.4826" x2="0.8763" y1="-0.4826" x1="0.3683"/><wire layer="25" width="0" y2="0.4826" x2="0.8763" y1="-0.4826" x1="0.8763"/><wire layer="25" width="0" y2="0.4826" x2="0.3683" y1="0.4826" x1="0.8763"/><wire layer="25" width="0" y2="-0.4826" x2="0.8763" y1="-0.4826" x1="-0.8763"/><wire layer="25" width="0" y2="0.4826" x2="0.8763" y1="-0.4826" x1="0.8763"/><wire layer="25" width="0" y2="0.4826" x2="-0.8763" y1="0.4826" x1="0.8763"/><wire layer="25" width="0" y2="-0.4826" x2="-0.8763" y1="0.4826" x1="-0.8763"/></package><package name="0805"><smd layer="1" dx="1.1176" dy="1.4478" y="0" x="-0.9017" name="1"/><smd layer="1" dx="1.1176" dy="1.4478" y="0" x="0.9017" name="2"/><wire layer="25" width="0" y2="0.7239" x2="-0.3429" y1="-0.7239" x1="-0.3429"/><wire layer="25" width="0" y2="0.7239" x2="-1.1049" y1="0.7239" x1="-0.3429"/><wire layer="25" width="0" y2="-0.7239" x2="-1.1049" y1="0.7239" x1="-1.1049"/><wire layer="25" width="0" y2="-0.7239" x2="-0.3429" y1="-0.7239" x1="-1.1049"/><wire layer="25" width="0" y2="-0.7239" x2="0.3429" y1="0.7239" x1="0.3429"/><wire layer="25" width="0" y2="-0.7239" x2="1.1049" y1="-0.7239" x1="0.3429"/><wire layer="25" width="0" y2="0.7239" x2="1.1049" y1="-0.7239" x1="1.1049"/><wire layer="25" width="0" y2="0.7239" x2="0.3429" y1="0.7239" x1="1.1049"/><wire layer="25" width="0" y2="-0.7239" x2="1.1049" y1="-0.7239" x1="-1.1049"/><wire layer="25" width="0" y2="0.7239" x2="1.1049" y1="-0.7239" x1="1.1049"/><wire layer="25" width="0" y2="0.7239" x2="-1.1049" y1="0.7239" x1="1.1049"/><wire layer="25" width="0" y2="-0.7239" x2="-1.1049" y1="0.7239" x1="-1.1049"/></package><package name="CRCW0402383KFKED"><smd layer="1" dx="0.5588" dy="0.6096" y="0" x="-0.4191" name="1"/><smd layer="1" dx="0.5588" dy="0.6096" y="0" x="0.4191" name="2"/><wire layer="25" width="0" y2="0.3048" x2="-0.1397" y1="-0.3048" x1="-0.1397"/><wire layer="25" width="0" y2="0.3048" x2="-0.5461" y1="0.3048" x1="-0.1397"/><wire layer="25" width="0" y2="-0.3048" x2="-0.5461" y1="0.3048" x1="-0.5461"/><wire layer="25" width="0" y2="-0.3048" x2="-0.1397" y1="-0.3048" x1="-0.5461"/><wire layer="25" width="0" y2="-0.3048" x2="0.1397" y1="0.3048" x1="0.1397"/><wire layer="25" width="0" y2="-0.3048" x2="0.5461" y1="-0.3048" x1="0.1397"/><wire layer="25" width="0" y2="0.3048" x2="0.5461" y1="-0.3048" x1="0.5461"/><wire layer="25" width="0" y2="0.3048" x2="0.1397" y1="0.3048" x1="0.5461"/><wire layer="25" width="0" y2="-0.3048" x2="0.5461" y1="-0.3048" x1="-0.5461"/><wire layer="25" width="0" y2="0.3048" x2="0.5461" y1="-0.3048" x1="0.5461"/><wire layer="25" width="0" y2="0.3048" x2="-0.5461" y1="0.3048" x1="0.5461"/><wire layer="25" width="0" y2="-0.3048" x2="-0.5461" y1="0.3048" x1="-0.5461"/></package><package name="CRCW04022M00FKED"><smd layer="1" dx="0.5588" dy="0.6096" y="0" x="-0.4191" name="1"/><smd layer="1" dx="0.5588" dy="0.6096" y="0" x="0.4191" name="2"/><wire layer="25" width="0" y2="0.3048" x2="-0.1397" y1="-0.3048" x1="-0.1397"/><wire layer="25" width="0" y2="0.3048" x2="-0.5461" y1="0.3048" x1="-0.1397"/><wire layer="25" width="0" y2="-0.3048" x2="-0.5461" y1="0.3048" x1="-0.5461"/><wire layer="25" width="0" y2="-0.3048" x2="-0.1397" y1="-0.3048" x1="-0.5461"/><wire layer="25" width="0" y2="-0.3048" x2="0.1397" y1="0.3048" x1="0.1397"/><wire layer="25" width="0" y2="-0.3048" x2="0.5461" y1="-0.3048" x1="0.1397"/><wire layer="25" width="0" y2="0.3048" x2="0.5461" y1="-0.3048" x1="0.5461"/><wire layer="25" width="0" y2="0.3048" x2="0.1397" y1="0.3048" x1="0.5461"/><wire layer="25" width="0" y2="-0.3048" x2="0.5461" y1="-0.3048" x1="-0.5461"/><wire layer="25" width="0" y2="0.3048" x2="0.5461" y1="-0.3048" x1="0.5461"/><wire layer="25" width="0" y2="0.3048" x2="-0.5461" y1="0.3048" x1="0.5461"/><wire layer="25" width="0" y2="-0.3048" x2="-0.5461" y1="0.3048" x1="-0.5461"/></package></packages></library></libraries><designrules name="custom"><param name="layerSetup" value="((1*2)+(15*16))"/></designrules><elements><element y="36.7792" x="30.3276" value="" package="TP-1502" library="ultra-librarian" name="VIN"><attribute align="bottom-left" display="value" layer="51" size="1.778" y="32.766" x="28.448" value="VIN" name="RefDes"/><attribute align="bottom-left" display="off" layer="51" size="1.778" y="32.766" x="28.448" value="TP-1502" name="Type"/></element><element y="58.1152" x="53.848" value="" package="TP-1502" library="ultra-librarian" name="VOUT"><attribute align="bottom-left" display="value" layer="51" size="1.778" y="58.166" x="57.404" value="VOUT" name="RefDes"/><attribute align="bottom-left" display="off" layer="51" size="1.778" y="58.166" x="57.404" value="TP-1502" name="Type"/></element><element y="58.2168" x="46.736" value="" package="TP-1502" library="ultra-librarian" name="GND1"><attribute align="bottom-left" display="value" layer="51" size="1.778" y="57.4802" x="38.354" value="GND1" name="RefDes"/><attribute align="bottom-left" display="off" layer="51" size="1.778" y="57.4802" x="38.354" value="TP-1502" name="Type"/></element><element y="49.8856" x="30.4292" value="" package="TP-1502" library="ultra-librarian" name="GND"><attribute align="bottom-left" display="value" layer="51" size="1.778" y="53.086" x="28.956" value="GND" name="RefDes"/><attribute align="bottom-left" display="off" layer="51" size="1.778" y="53.086" x="28.956" value="TP-1502" name="Type"/></element><element y="42.9006" x="50.3682" value="" package="DQC0010A" library="ultra-librarian" name="U1"><attribute align="bottom-left" display="value" layer="51" size="1.778" y="45.212" x="51.816" value="U1" name="RefDes"/><attribute align="bottom-left" display="off" layer="51" size="1.778" y="45.212" x="51.816" value="TPS62175DQCR" name="Type"/></element><element rot="SR180" y="33.1978" x="50.2666" value="" package="0402" library="ultra-librarian" name="Rpg"><attribute align="bottom-left" display="value" layer="51" size="1.778" y="32.9692" x="52.07" value="Rpg" name="RefDes"/><attribute align="bottom-left" display="off" layer="51" size="1.778" y="32.9692" x="52.07" value="CRCW0402100KFKED" name="Type"/></element><element rot="SR180" y="38.8366" x="50.1904" value="" package="0402" library="ultra-librarian" name="Rfbb"><attribute align="bottom-left" display="value" layer="51" size="1.778" y="38.608" x="52.07" value="Rfbb" name="RefDes"/><attribute align="bottom-left" display="off" layer="51" size="1.778" y="38.608" x="52.07" value="CRCW0402383KFKED" name="Type"/></element><element rot="SR180" y="36.195" x="50.2666" value="" package="0402" library="ultra-librarian" name="Rfbt"><attribute align="bottom-left" display="value" layer="51" size="1.778" y="36.068" x="52.578" value="Rfbt" name="RefDes"/><attribute align="bottom-left" display="off" layer="51" size="1.778" y="36.068" x="52.578" value="CRCW04022M00FKED" name="Type"/></element><element rot="R90" y="43.688" x="57.8866" value="" package="IND_NPI54C" library="ultra-librarian" name="L1"><attribute align="bottom-left" display="value" layer="51" size="1.778" y="43.7642" x="64.516" value="L1" name="RefDes"/><attribute align="bottom-left" display="off" layer="51" size="1.778" y="43.7642" x="64.516" value="NPI54C100MTRF" name="Type"/></element><element rot="SR180" y="46.101" x="50.927" value="" package="0603" library="ultra-librarian" name="Cout"><attribute align="bottom-left" display="value" layer="51" size="1.778" y="45.9994" x="55.118" value="Cout" name="RefDes"/><attribute align="bottom-left" display="off" layer="51" size="1.778" y="45.9994" x="55.118" value="C1608X5R1A226M080AC" name="Type"/></element><element rot="R90" y="43.688" x="45.72" value="" package="0805" library="ultra-librarian" name="Cin"><attribute align="bottom-left" display="value" layer="51" size="1.778" y="37.338" x="43.688" value="Cin" name="RefDes"/><attribute align="bottom-left" display="off" layer="51" size="1.778" y="37.338" x="43.688" value="GRM21BR71E225KA73L" name="Type"/></element><element y="29.8196" x="48.514" value="" package="TP-1502" library="ultra-librarian" name="TP_NC4"><attribute align="bottom-left" display="value" layer="51" size="1.778" y="29.083" x="40.1574" value="TP_NC4" name="RefDes"/><attribute align="bottom-left" display="off" layer="51" size="1.778" y="29.083" x="40.1574" value="TP-1502" name="Type"/></element></elements><signals><signal name="0"><wire layer="1" width="0.254" y2="59.944" x2="49.6062" y1="59.944" x1="46.736"/><wire layer="1" width="0.254" y2="41.91" x2="50.6476" y1="42.164" x1="50.419"/><wire layer="1" width="0.254" y2="41.91" x2="51.435" y1="41.91" x1="50.6476"/><wire layer="1" width="0.254" y2="40.2844" x2="51.435" y1="39.9034" x1="51.0286"/><wire layer="1" width="0.254" y2="41.91" x2="51.435" y1="40.2844" x1="51.435"/><wire layer="1" width="0.254" y2="39.9034" x2="51.0286" y1="38.862" x1="51.0286"/><wire layer="1" width="0.254" y2="44.4246" x2="46.101" y1="44.4246" x1="31.496"/><wire layer="1" width="0.254" y2="59.3852" x2="50.165" y1="47.117" x1="50.165"/><wire layer="1" width="0.254" y2="59.3852" x2="50.165" y1="59.944" x1="49.6062"/><wire layer="1" width="0.254" y2="44.4246" x2="46.101" y1="44.4246" x1="46.101"/><wire layer="1" width="0.254" y2="44.4246" x2="46.101" y1="44.4246" x1="46.101"/><wire layer="1" width="0.254" y2="44.4246" x2="48.006" y1="44.4246" x1="46.101"/><wire layer="1" width="0.254" y2="46.736" x2="46.101" y1="44.4246" x1="46.101"/><wire layer="1" width="0.254" y2="47.117" x2="46.482" y1="46.736" x1="46.101"/><wire layer="1" width="0.254" y2="47.117" x2="50.165" y1="47.117" x1="46.482"/><wire layer="1" width="0.254" y2="43.9166" x2="48.514" y1="44.4246" x1="48.006"/><wire layer="1" width="0.254" y2="43.9166" x2="49.403" y1="43.9166" x1="48.514"/><wire layer="1" width="0.254" y2="42.418" x2="49.403" y1="42.418" x1="48.768"/><wire layer="1" width="0.254" y2="42.418" x2="48.768" y1="42.1894" x1="48.514"/><wire layer="1" width="0.254" y2="49.911" x2="30.48" y1="45.4406" x1="30.48"/><wire layer="1" width="0.254" y2="44.4246" x2="31.496" y1="45.4406" x1="30.48"/><wire layer="1" width="0.254" y2="38.8493" x2="51.435" y1="38.8493" x1="50.5968"/><polygon spacing="0.254" layer="1" width="0" rank="4"><vertex y="43.815" x="27.178"/><vertex y="61.722" x="27.178"/><vertex y="61.722" x="50.8"/><vertex y="41.148" x="50.8"/><vertex y="41.148" x="50.038"/><vertex y="43.815" x="50.038"/></polygon><wire layer="16" width="0.381" y2="33.6296" x2="51.562" y1="28.1432" x1="51.562"/><wire layer="16" width="0.381" y2="28.1432" x2="51.562" y1="28.1432" x1="51.308"/><wire layer="16" width="0.254" y2="33.6296" x2="51.562" y1="33.6296" x1="49.1998"/><wire layer="16" width="0.254" y2="42.1894" x2="48.514" y1="29.845" x1="48.514"/><wire layer="16" width="0.254" y2="41.0464" x2="49.1998" y1="33.6296" x1="49.1998"/><wire layer="16" width="0.254" y2="41.402" x2="49.5554" y1="41.0464" x1="49.1998"/><wire layer="16" width="0.254" y2="41.402" x2="50.419" y1="41.402" x1="49.5554"/><polygon spacing="0.254" layer="16" width="0" rank="5"><vertex y="61.722" x="27.178"/><vertex y="61.722" x="69.342"/><vertex y="27.94" x="69.342"/><vertex y="27.94" x="51.562"/><vertex y="33.782" x="51.562"/><vertex y="33.782" x="53.34"/><vertex y="45.212" x="53.34"/><vertex y="45.212" x="50.8"/><vertex y="35.306" x="50.8"/><vertex y="35.306" x="49.53"/><vertex y="33.782" x="49.53"/><vertex y="33.782" x="51.435"/><vertex y="27.9146" x="51.435"/><vertex y="27.94" x="27.178"/></polygon><via shape="round" drill="0.254" diameter="0.5588" extent="1-16" y="42.926" x="50.419"/><via shape="round" drill="0.254" diameter="0.5588" extent="1-16" y="42.164" x="50.419"/><via shape="round" drill="0.254" diameter="0.5588" extent="1-16" y="41.402" x="50.419"/><via shape="round" drill="0.254" diameter="0.5588" extent="1-16" y="44.45" x="50.419"/><via shape="round" drill="0.254" diameter="0.5588" extent="1-16" y="43.688" x="50.419"/><via shape="round" drill="0.254" diameter="0.5588" extent="1-16" y="42.1894" x="48.514"/><via shape="round" drill="2.4892" diameter="3.4798" extent="1-16" y="58.2422" x="46.736"/><via shape="round" drill="2.4892" diameter="3.4798" extent="1-16" y="49.911" x="30.48"/><via shape="round" drill="1.6002" diameter="2.2098" extent="1-16" y="29.845" x="48.5394"/><contactref pad="1" element="GND1"/><contactref pad="1" element="GND"/><contactref pad="1" element="U1"/><contactref pad="4" element="U1"/><contactref pad="6" element="U1"/><contactref pad="11" element="U1"/><contactref pad="1" element="Rfbb"/><contactref pad="2" element="Cout"/><contactref pad="2" element="Cin"/><contactref pad="1" element="TP_NC4"/></signal><signal name="2"><wire layer="1" width="0.254" y2="45.466" x2="60.96" y1="45.466" x1="58.547"/><wire layer="1" width="0.254" y2="57.404" x2="60.96" y1="45.466" x1="60.96"/><wire layer="1" width="0.254" y2="57.404" x2="60.96" y1="58.166" x1="60.198"/><wire layer="1" width="0.254" y2="58.166" x2="60.198" y1="58.166" x1="53.848"/><wire layer="1" width="0.254" y2="45.466" x2="58.547" y1="47.117" x1="56.896"/><wire layer="1" width="0.254" y2="47.117" x2="56.896" y1="47.117" x1="51.6636"/><wire layer="1" width="0.254" y2="45.7454" x2="51.435" y1="44.45" x1="51.435"/><wire layer="1" width="0.254" y2="45.9994" x2="51.6636" y1="45.7454" x1="51.435"/><wire layer="1" width="0.254" y2="47.117" x2="51.6636" y1="45.9994" x1="51.6636"/><wire layer="1" width="0.254" y2="36.195" x2="51.0286" y1="33.528" x1="51.0286"/><wire layer="1" width="0.254" y2="44.45" x2="51.435" y1="43.9166" x1="51.435"/><wire layer="1" width="0.254" y2="42.418" x2="52.832" y1="42.418" x1="52.578"/><wire layer="1" width="0.254" y2="42.418" x2="52.578" y1="42.9006" x1="52.0954"/><wire layer="1" width="0.254" y2="42.9006" x2="52.0954" y1="42.9006" x1="52.07"/><wire layer="1" width="0.254" y2="42.9006" x2="52.07" y1="42.926" x1="52.07"/><wire layer="1" width="0.254" y2="42.926" x2="52.07" y1="42.926" x1="51.435"/><wire layer="1" width="0.254" y2="61.976" x2="53.848" y1="58.166" x1="53.848"/><wire layer="1" width="0.254" y2="36.195" x2="52.451" y1="36.195" x1="51.0286"/><wire layer="1" width="0.254" y2="35.814" x2="52.832" y1="36.195" x1="52.451"/><wire layer="1" width="0.254" y2="35.814" x2="52.832" y1="31.75" x1="52.832"/><wire layer="1" width="0.254" y2="31.242" x2="53.34" y1="31.75" x1="52.832"/><wire layer="1" width="0.254" y2="31.242" x2="69.596" y1="31.242" x1="53.34"/><wire layer="1" width="0.254" y2="31.496" x2="69.85" y1="31.242" x1="69.596"/><wire layer="1" width="0.254" y2="61.976" x2="69.85" y1="31.496" x1="69.85"/><wire layer="1" width="0.254" y2="62.484" x2="54.356" y1="61.976" x1="53.848"/><wire layer="1" width="0.254" y2="62.484" x2="69.342" y1="62.484" x1="54.356"/><wire layer="1" width="0.254" y2="61.976" x2="69.85" y1="62.484" x1="69.342"/><wire layer="1" width="0.254" y2="33.2105" x2="51.435" y1="33.2105" x1="50.5968"/><wire layer="1" width="0.254" y2="36.1823" x2="51.435" y1="36.1823" x1="50.5968"/><polygon spacing="0.254" layer="1" width="0"><vertex y="61.722" x="51.054"/><vertex y="61.722" x="69.342"/><vertex y="43.815" x="69.342"/><vertex y="43.815" x="51.0286"/></polygon><wire layer="16" width="0.254" y2="44.2214" x2="52.8066" y1="42.418" x1="52.8066"/><wire layer="16" width="0.254" y2="44.2214" x2="52.8066" y1="44.45" x1="52.578"/><wire layer="16" width="0.254" y2="44.45" x2="52.578" y1="44.45" x1="51.435"/><via shape="round" drill="0.254" diameter="0.5588" extent="1-16" y="42.418" x="52.832"/><via shape="round" drill="0.254" diameter="0.5588" extent="1-16" y="44.45" x="51.435"/><via shape="round" drill="2.4892" diameter="3.4798" extent="1-16" y="58.166" x="53.848"/><contactref pad="1" element="VOUT"/><contactref pad="8" element="U1"/><contactref pad="10" element="U1"/><contactref pad="1" element="Rpg"/><contactref pad="1" element="Rfbt"/><contactref pad="2" element="L1"/><contactref pad="1" element="Cout"/></signal><signal name="4"><wire layer="1" width="0.254" y2="40.1828" x2="49.53" y1="38.862" x1="49.53"/><wire layer="1" width="0.254" y2="40.1828" x2="49.53" y1="40.3352" x1="49.403"/><wire layer="1" width="0.254" y2="41.91" x2="49.403" y1="40.3352" x1="49.403"/><wire layer="1" width="0.254" y2="38.862" x2="49.53" y1="36.195" x1="49.53"/><wire layer="1" width="0.254" y2="36.195" x2="49.53" y1="36.195" x1="49.53"/><wire layer="1" width="0.254" y2="38.8493" x2="49.9364" y1="38.8493" x1="49.0982"/><wire layer="1" width="0.254" y2="36.1823" x2="49.9364" y1="36.1823" x1="49.0982"/><contactref pad="5" element="U1"/><contactref pad="2" element="Rfbb"/><contactref pad="2" element="Rfbt"/></signal><signal name="1"><wire layer="1" width="0.254" y2="41.529" x2="52.832" y1="41.529" x1="52.578"/><wire layer="1" width="0.254" y2="41.529" x2="52.578" y1="41.783" x1="52.324"/><wire layer="1" width="0.254" y2="41.9862" x2="52.324" y1="41.783" x1="52.324"/><wire layer="1" width="0.254" y2="41.9862" x2="52.324" y1="42.418" x1="51.8922"/><wire layer="1" width="0.254" y2="42.418" x2="51.8922" y1="42.418" x1="51.435"/><wire layer="1" width="0.254" y2="33.2232" x2="49.53" y1="33.2232" x1="49.53"/><wire layer="1" width="0.254" y2="34.036" x2="49.53" y1="33.2232" x1="49.53"/><wire layer="1" width="0.254" y2="34.544" x2="50.038" y1="34.036" x1="49.53"/><wire layer="1" width="0.254" y2="33.2105" x2="49.9364" y1="33.2105" x1="49.0982"/><wire layer="16" width="0.254" y2="34.544" x2="52.2732" y1="34.544" x1="50.038"/><wire layer="16" width="0.254" y2="35.0774" x2="52.832" y1="34.544" x1="52.2732"/><wire layer="16" width="0.254" y2="41.529" x2="52.832" y1="35.0774" x1="52.832"/><via shape="round" drill="0.254" diameter="0.5588" extent="1-16" y="41.529" x="52.832"/><via shape="round" drill="0.254" diameter="0.5588" extent="1-16" y="34.544" x="50.038"/><contactref pad="7" element="U1"/><contactref pad="2" element="Rpg"/></signal><signal name="5"><wire layer="1" width="0.254" y2="42.926" x2="48.006" y1="42.926" x1="46.101"/><wire layer="1" width="0.254" y2="43.4086" x2="49.403" y1="43.4086" x1="48.4886"/><wire layer="1" width="0.254" y2="43.4086" x2="48.4886" y1="42.926" x1="48.006"/><wire layer="1" width="0.254" y2="43.4086" x2="49.403" y1="42.926" x1="49.403"/><wire layer="1" width="0.254" y2="42.037" x2="30.353" y1="36.83" x1="30.353"/><wire layer="1" width="0.254" y2="42.926" x2="31.242" y1="42.037" x1="30.353"/><wire layer="1" width="0.254" y2="42.926" x2="46.101" y1="42.926" x1="31.242"/><polygon spacing="0.254" layer="1" width="0" rank="3"><vertex y="43.561" x="27.178"/><vertex y="32.258" x="27.178"/><vertex y="32.258" x="47.752"/><vertex y="42.799" x="47.752"/><vertex y="42.799" x="49.784"/><vertex y="43.561" x="49.784"/></polygon><via shape="round" drill="2.4892" diameter="3.4798" extent="1-16" y="36.83" x="30.353"/><contactref pad="1" element="VIN"/><contactref pad="2" element="U1"/><contactref pad="3" element="U1"/><contactref pad="1" element="Cin"/></signal><signal name="3"><wire layer="1" width="0.254" y2="43.4086" x2="57.1246" y1="43.4086" x1="51.435"/><wire layer="1" width="0.254" y2="42.1894" x2="58.3692" y1="43.4086" x1="57.1246"/><wire layer="1" width="0.254" y2="42.1894" x2="60.96" y1="42.1894" x1="58.3692"/><polygon spacing="0.254" layer="1" width="0" rank="2"><vertex y="43.561" x="53.34"/><vertex y="32.258" x="53.34"/><vertex y="32.258" x="69.342"/><vertex y="43.561" x="69.342"/></polygon><contactref pad="9" element="U1"/><contactref pad="1" element="L1"/></signal></signals></board></drawing></eagle>
