<eagle version="6.4"><drawing><settings><setting alwaysvectorfont="no" verticaltext="up"/></settings><grid altunit="inch" altunitdist="inch" altdistance="0.025" display="no" multiple="1" style="lines" unit="inch" unitdist="inch" distance="0.05"/><layers><layer active="yes" visible="yes" fill="1" color="1" name="Reference" number="49"/><layer active="yes" visible="yes" fill="1" color="6" name="tPlace" number="25"/><layer active="yes" visible="yes" fill="1" color="2" name="tDocu" number="21"/><layer active="yes" visible="yes" fill="1" color="2" name="tCream" number="31"/><layer active="yes" visible="yes" fill="1" color="4" name="TOP" number="1"/><layer active="yes" visible="yes" fill="1" color="15" name="tStop" number="29"/><layer active="yes" visible="yes" fill="1" color="1" name="BOTTOM" number="16"/><layer active="yes" visible="yes" fill="1" color="7" name="bStop" number="30"/><layer active="yes" visible="yes" fill="1" color="7" name="bCream" number="32"/><layer active="yes" visible="yes" fill="1" color="3" name="bDocu" number="22"/><layer active="yes" visible="yes" fill="1" color="3" name="bPlace" number="26"/><layer active="yes" visible="yes" fill="1" color="5" name="Holes" number="45"/><layer active="yes" visible="yes" fill="1" color="5" name="Info" number="97"/><layer active="yes" visible="yes" fill="1" color="5" name="Guide" number="98"/><layer active="yes" visible="yes" fill="1" color="4" name="tValues" number="27"/><layer active="yes" visible="yes" fill="1" color="4" name="bValues" number="28"/><layer active="yes" visible="yes" fill="1" color="4" name="INTERNAL1" number="2"/><layer active="yes" visible="yes" fill="1" color="6" name="INTERNAL2" number="3"/><layer active="yes" visible="yes" fill="1" color="5" name="INTERNAL3" number="4"/><layer active="yes" visible="yes" fill="1" color="5" name="INTERNAL4" number="5"/><layer active="yes" visible="yes" fill="1" color="1" name="INTERNAL5" number="6"/><layer active="yes" visible="yes" fill="1" color="1" name="INTERNAL6" number="7"/><layer active="yes" visible="yes" fill="1" color="1" name="INTERNAL7" number="8"/><layer active="yes" visible="yes" fill="1" color="1" name="INTERNAL8" number="9"/><layer active="yes" visible="yes" fill="1" color="2" name="Values" number="96"/><layer active="yes" visible="yes" fill="1" color="1" name="FAB" number="49"/><layer active="yes" visible="yes" fill="1" color="1" name="ASSEMBLY_DETAIL" number="49"/><layer active="yes" visible="yes" fill="1" color="1" name="BOARD_OUTLINE" number="49"/><layer active="yes" visible="yes" fill="1" color="1" name="CopyRight" number="49"/><layer active="yes" visible="yes" fill="1" color="1" name="BRDOUT" number="20"/><layer active="yes" visible="yes" fill="1" color="1" name="NOTES" number="48"/><layer active="yes" visible="yes" fill="1" color="1" name="ASSYNOTES" number="21"/><layer active="yes" visible="yes" fill="1" color="1" name="STACKUP" number="46"/></layers><board><plain><wire layer="49" width="0.0254" y2="56.8198" x2="25.4" y1="25.4" x1="25.4"/><wire layer="49" width="0.1016" y2="56.8198" x2="25.4" y1="25.4" x1="25.4"/><wire layer="49" width="0.0254" y2="56.8198" x2="65.0494" y1="56.8198" x1="25.4"/><wire layer="49" width="0.1016" y2="56.8198" x2="65.0494" y1="56.8198" x1="25.4"/><wire layer="49" width="0.0254" y2="25.4" x2="65.0494" y1="56.8198" x1="65.0494"/><wire layer="49" width="0.1016" y2="25.4" x2="65.0494" y1="56.8198" x1="65.0494"/><wire layer="49" width="0.0254" y2="25.4" x2="25.4" y1="25.4" x1="65.0494"/><wire layer="49" width="0.1016" y2="25.4" x2="25.4" y1="25.4" x1="65.0494"/><text align="bottom-left" layer="21" size="1.778" y="48.768" x="43.815">Cout</text><text align="bottom-left" layer="21" size="1.778" y="28.956" x="37.338">Configure SHDN_N pin</text><text align="bottom-left" layer="21" size="1.778" y="27.178" x="36.576">as per design requirement.</text></plain><libraries><library name="ultra-librarian"><packages><package name="IND_NPI105C"><smd layer="1" dx="3.7592" dy="9.4996" y="0" x="-3.1242" name="1"/><smd layer="1" dx="3.7592" dy="9.4996" y="0" x="3.1242" name="2"/><wire layer="21" width="0.1524" y2="4.699" x2="0.9119" y1="4.699" x1="-0.9119"/><wire layer="21" width="0.1524" y2="-4.699" x2="-0.9119" y1="-4.699" x1="0.9119"/><wire layer="25" width="0" y2="4.699" x2="5.1943" y1="4.699" x1="-5.1943"/><wire layer="25" width="0" y2="4.699" x2="5.1943" y1="4.699" x1="5.1943"/><wire layer="25" width="0" y2="-4.699" x2="5.1943" y1="4.699" x1="5.1943"/><wire layer="25" width="0" y2="-4.699" x2="5.1943" y1="-4.699" x1="5.1943"/><wire layer="25" width="0" y2="-4.699" x2="-5.1943" y1="-4.699" x1="5.1943"/><wire layer="25" width="0" y2="-4.699" x2="-5.1943" y1="-4.699" x1="-5.1943"/><wire layer="25" width="0" y2="4.699" x2="-5.1943" y1="-4.699" x1="-5.1943"/><wire layer="25" width="0" y2="4.699" x2="-5.1943" y1="4.699" x1="-5.1943"/></package><package name="1206"><smd layer="1" dx="1.1176" dy="1.8034" y="0" x="-1.4986" name="1"/><smd layer="1" dx="1.1176" dy="1.8034" y="0" x="1.4986" name="2"/><wire layer="25" width="0" y2="0.9017" x2="-0.9398" y1="-0.9017" x1="-0.9398"/><wire layer="25" width="0" y2="0.9017" x2="-1.7018" y1="0.9017" x1="-0.9398"/><wire layer="25" width="0" y2="-0.9017" x2="-1.7018" y1="0.9017" x1="-1.7018"/><wire layer="25" width="0" y2="-0.9017" x2="-0.9398" y1="-0.9017" x1="-1.7018"/><wire layer="25" width="0" y2="-0.9017" x2="0.9398" y1="0.9017" x1="0.9398"/><wire layer="25" width="0" y2="-0.9017" x2="1.7018" y1="-0.9017" x1="0.9398"/><wire layer="25" width="0" y2="0.9017" x2="1.7018" y1="-0.9017" x1="1.7018"/><wire layer="25" width="0" y2="0.9017" x2="0.9398" y1="0.9017" x1="1.7018"/><wire layer="21" width="0.1524" y2="-0.9017" x2="0.6071" y1="-0.9017" x1="-0.6071"/><wire layer="21" width="0.1524" y2="0.9017" x2="-0.6071" y1="0.9017" x1="0.6071"/><wire layer="25" width="0" y2="-0.9017" x2="1.7018" y1="-0.9017" x1="-1.7018"/><wire layer="25" width="0" y2="0.9017" x2="1.7018" y1="-0.9017" x1="1.7018"/><wire layer="25" width="0" y2="0.9017" x2="-1.7018" y1="0.9017" x1="1.7018"/><wire layer="25" width="0" y2="-0.9017" x2="-1.7018" y1="0.9017" x1="-1.7018"/></package><package name="1206_180"><smd layer="1" dx="1.1176" dy="1.8034" y="0" x="-1.4986" name="1"/><smd layer="1" dx="1.1176" dy="1.8034" y="0" x="1.4986" name="2"/><wire layer="25" width="0" y2="0.9017" x2="-0.9398" y1="-0.9017" x1="-0.9398"/><wire layer="25" width="0" y2="0.9017" x2="-1.7018" y1="0.9017" x1="-0.9398"/><wire layer="25" width="0" y2="-0.9017" x2="-1.7018" y1="0.9017" x1="-1.7018"/><wire layer="25" width="0" y2="-0.9017" x2="-0.9398" y1="-0.9017" x1="-1.7018"/><wire layer="25" width="0" y2="-0.9017" x2="0.9398" y1="0.9017" x1="0.9398"/><wire layer="25" width="0" y2="-0.9017" x2="1.7018" y1="-0.9017" x1="0.9398"/><wire layer="25" width="0" y2="0.9017" x2="1.7018" y1="-0.9017" x1="1.7018"/><wire layer="25" width="0" y2="0.9017" x2="0.9398" y1="0.9017" x1="1.7018"/><wire layer="21" width="0.1524" y2="-0.9017" x2="0.6071" y1="-0.9017" x1="-0.6071"/><wire layer="21" width="0.1524" y2="0.9017" x2="-0.6071" y1="0.9017" x1="0.6071"/><wire layer="25" width="0" y2="-0.9017" x2="1.7018" y1="-0.9017" x1="-1.7018"/><wire layer="25" width="0" y2="0.9017" x2="1.7018" y1="-0.9017" x1="1.7018"/><wire layer="25" width="0" y2="0.9017" x2="-1.7018" y1="0.9017" x1="1.7018"/><wire layer="25" width="0" y2="-0.9017" x2="-1.7018" y1="0.9017" x1="-1.7018"/></package><package name="0402"><smd layer="1" dx="0.5588" dy="0.6096" y="0" x="-0.4191" name="1"/><smd layer="1" dx="0.5588" dy="0.6096" y="0" x="0.4191" name="2"/><wire layer="25" width="0" y2="0.3048" x2="-0.1397" y1="-0.3048" x1="-0.1397"/><wire layer="25" width="0" y2="0.3048" x2="-0.5461" y1="0.3048" x1="-0.1397"/><wire layer="25" width="0" y2="-0.3048" x2="-0.5461" y1="0.3048" x1="-0.5461"/><wire layer="25" width="0" y2="-0.3048" x2="-0.1397" y1="-0.3048" x1="-0.5461"/><wire layer="25" width="0" y2="-0.3048" x2="0.1397" y1="0.3048" x1="0.1397"/><wire layer="25" width="0" y2="-0.3048" x2="0.5461" y1="-0.3048" x1="0.1397"/><wire layer="25" width="0" y2="0.3048" x2="0.5461" y1="-0.3048" x1="0.5461"/><wire layer="25" width="0" y2="0.3048" x2="0.1397" y1="0.3048" x1="0.5461"/><wire layer="25" width="0" y2="-0.3048" x2="0.5461" y1="-0.3048" x1="-0.5461"/><wire layer="25" width="0" y2="0.3048" x2="0.5461" y1="-0.3048" x1="0.5461"/><wire layer="25" width="0" y2="0.3048" x2="-0.5461" y1="0.3048" x1="0.5461"/><wire layer="25" width="0" y2="-0.3048" x2="-0.5461" y1="0.3048" x1="-0.5461"/></package><package name="0805"><smd layer="1" dx="1.1176" dy="1.4478" y="0" x="-0.9017" name="1"/><smd layer="1" dx="1.1176" dy="1.4478" y="0" x="0.9017" name="2"/><wire layer="25" width="0" y2="0.7239" x2="-0.3429" y1="-0.7239" x1="-0.3429"/><wire layer="25" width="0" y2="0.7239" x2="-1.1049" y1="0.7239" x1="-0.3429"/><wire layer="25" width="0" y2="-0.7239" x2="-1.1049" y1="0.7239" x1="-1.1049"/><wire layer="25" width="0" y2="-0.7239" x2="-0.3429" y1="-0.7239" x1="-1.1049"/><wire layer="25" width="0" y2="-0.7239" x2="0.3429" y1="0.7239" x1="0.3429"/><wire layer="25" width="0" y2="-0.7239" x2="1.1049" y1="-0.7239" x1="0.3429"/><wire layer="25" width="0" y2="0.7239" x2="1.1049" y1="-0.7239" x1="1.1049"/><wire layer="25" width="0" y2="0.7239" x2="0.3429" y1="0.7239" x1="1.1049"/><wire layer="25" width="0" y2="-0.7239" x2="1.1049" y1="-0.7239" x1="-1.1049"/><wire layer="25" width="0" y2="0.7239" x2="1.1049" y1="-0.7239" x1="1.1049"/><wire layer="25" width="0" y2="0.7239" x2="-1.1049" y1="0.7239" x1="1.1049"/><wire layer="25" width="0" y2="-0.7239" x2="-1.1049" y1="0.7239" x1="-1.1049"/></package><package name="DDC0006A_N"><smd layer="1" dx="1" dy="0.6" y="0.95" x="-1.375" name="1"/><smd layer="1" dx="1" dy="0.6" y="0" x="-1.375" name="2"/><smd layer="1" dx="1" dy="0.6" y="-0.95" x="-1.375" name="3"/><smd layer="1" dx="1" dy="0.6" y="-0.95" x="1.375" name="4"/><smd layer="1" dx="1" dy="0.6" y="0" x="1.375" name="5"/><smd layer="1" dx="1" dy="0.6" y="0.95" x="1.375" name="6"/><wire layer="21" width="0.2" y2="-1.524" x2="0.7" y1="-1.524" x1="-0.7"/><wire layer="21" width="0.2" y2="1.525" x2="0.55" y1="1.525" x1="-1.75"/><wire layer="25" width="0.127" y2="-1.47" x2="0.7435" y1="-1.47" x1="-0.75"/><wire layer="25" width="0.127" y2="1.5" x2="0.8283" y1="1.5" x1="-0.8283"/><wire layer="25" width="0.127" y2="1.5" x2="-0.8283" y1="-1.5" x1="-0.8283"/><wire layer="25" width="0.127" y2="-1.47" x2="0.7473" y1="-1.47" x1="0.7435"/><wire layer="25" width="0.127" y2="1.5" x2="0.7473" y1="1.5" x1="0.7435"/><wire layer="25" width="0.127" y2="-1.47" x2="-0.75" y1="-1.47" x1="-0.7538"/><wire layer="25" width="0.127" y2="1.5" x2="-0.75" y1="1.5" x1="-0.7538"/><wire layer="25" width="0.127" y2="1.165" x2="-0.825" y1="1.165" x1="-1.4371"/><wire layer="25" width="0.127" y2="1.165" x2="-1.4371" y1="0.735" x1="-1.4371"/><wire layer="25" width="0.127" y2="1.5" x2="0.8283" y1="-1.5" x1="0.8283"/><wire layer="25" width="0.127" y2="0.735" x2="-0.825" y1="0.735" x1="-1.4371"/><wire layer="25" width="0.127" y2="-0.215" x2="-0.825" y1="-0.215" x1="-1.4371"/><wire layer="25" width="0.127" y2="0.215" x2="-1.4371" y1="-0.215" x1="-1.4371"/><wire layer="25" width="0.127" y2="0.215" x2="-0.825" y1="0.215" x1="-1.4371"/><wire layer="25" width="0.127" y2="-1.165" x2="-0.825" y1="-1.165" x1="-1.4371"/><wire layer="25" width="0.127" y2="-0.735" x2="-1.4371" y1="-1.165" x1="-1.4371"/><wire layer="25" width="0.127" y2="-0.735" x2="-0.825" y1="-0.735" x1="-1.4371"/><wire layer="25" width="0.127" y2="-0.735" x2="1.4371" y1="-0.735" x1="0.825"/><wire layer="25" width="0.127" y2="-0.735" x2="1.4371" y1="-1.165" x1="1.4371"/><wire layer="25" width="0.127" y2="-1.165" x2="1.4371" y1="-1.165" x1="0.825"/><wire layer="25" width="0.127" y2="0.215" x2="1.4371" y1="0.215" x1="0.825"/><wire layer="25" width="0.127" y2="0.215" x2="1.4371" y1="-0.215" x1="1.4371"/><wire layer="25" width="0.127" y2="-0.215" x2="1.4371" y1="-0.215" x1="0.825"/><wire layer="25" width="0.127" y2="0.735" x2="1.4371" y1="0.735" x1="0.825"/><wire layer="25" width="0.127" y2="1.165" x2="1.4371" y1="0.735" x1="1.4371"/><wire layer="25" width="0.127" y2="1.165" x2="1.4371" y1="1.165" x1="0.825"/><wire curve="180" layer="25" width="0.127" y2="1.0177" x2="-0.5783" y1="1.0177" x1="-0.2808"/><wire curve="180" layer="25" width="0.127" y2="1.0177" x2="-0.2808" y1="1.0177" x1="-0.5783"/></package><package name="DDC0006A_M"><smd layer="1" dx="1.2" dy="0.65" y="0.95" x="-1.475" name="1"/><smd layer="1" dx="1.2" dy="0.65" y="0" x="-1.475" name="2"/><smd layer="1" dx="1.2" dy="0.65" y="-0.95" x="-1.475" name="3"/><smd layer="1" dx="1.2" dy="0.65" y="-0.95" x="1.475" name="4"/><smd layer="1" dx="1.2" dy="0.65" y="0" x="1.475" name="5"/><smd layer="1" dx="1.2" dy="0.65" y="0.95" x="1.475" name="6"/><wire layer="21" width="0.2" y2="1.525" x2="0.5" y1="1.525" x1="-1.925"/><wire layer="21" width="0.2" y2="-1.524" x2="0.7" y1="-1.524" x1="-0.7"/><wire layer="25" width="0.127" y2="1.165" x2="1.4371" y1="1.165" x1="0.825"/><wire layer="25" width="0.127" y2="1.165" x2="1.4371" y1="0.735" x1="1.4371"/><wire layer="25" width="0.127" y2="0.735" x2="1.4371" y1="0.735" x1="0.825"/><wire layer="25" width="0.127" y2="-0.215" x2="1.4371" y1="-0.215" x1="0.825"/><wire layer="25" width="0.127" y2="0.215" x2="1.4371" y1="-0.215" x1="1.4371"/><wire layer="25" width="0.127" y2="0.215" x2="1.4371" y1="0.215" x1="0.825"/><wire layer="25" width="0.127" y2="-1.165" x2="1.4371" y1="-1.165" x1="0.825"/><wire layer="25" width="0.127" y2="-0.735" x2="1.4371" y1="-1.165" x1="1.4371"/><wire layer="25" width="0.127" y2="-0.735" x2="1.4371" y1="-0.735" x1="0.825"/><wire layer="25" width="0.127" y2="-0.735" x2="-0.825" y1="-0.735" x1="-1.4371"/><wire layer="25" width="0.127" y2="-0.735" x2="-1.4371" y1="-1.165" x1="-1.4371"/><wire layer="25" width="0.127" y2="-1.165" x2="-0.825" y1="-1.165" x1="-1.4371"/><wire layer="25" width="0.127" y2="0.215" x2="-0.825" y1="0.215" x1="-1.4371"/><wire layer="25" width="0.127" y2="0.215" x2="-1.4371" y1="-0.215" x1="-1.4371"/><wire layer="25" width="0.127" y2="-0.215" x2="-0.825" y1="-0.215" x1="-1.4371"/><wire layer="25" width="0.127" y2="0.735" x2="-0.825" y1="0.735" x1="-1.4371"/><wire layer="25" width="0.127" y2="1.5" x2="0.8283" y1="-1.5" x1="0.8283"/><wire layer="25" width="0.127" y2="1.165" x2="-1.4371" y1="0.735" x1="-1.4371"/><wire layer="25" width="0.127" y2="1.165" x2="-0.825" y1="1.165" x1="-1.4371"/><wire layer="25" width="0.127" y2="1.5" x2="-0.75" y1="1.5" x1="-0.7538"/><wire layer="25" width="0.127" y2="-1.47" x2="-0.75" y1="-1.47" x1="-0.7538"/><wire layer="25" width="0.127" y2="1.5" x2="0.7473" y1="1.5" x1="0.7435"/><wire layer="25" width="0.127" y2="-1.47" x2="0.7473" y1="-1.47" x1="0.7435"/><wire layer="25" width="0.127" y2="1.5" x2="-0.8283" y1="-1.5" x1="-0.8283"/><wire layer="25" width="0.127" y2="1.5" x2="0.8283" y1="1.5" x1="-0.8283"/><wire layer="25" width="0.127" y2="-1.47" x2="0.7435" y1="-1.47" x1="-0.75"/><wire curve="180" layer="25" width="0.127" y2="1.0177" x2="-0.2808" y1="1.0177" x1="-0.5783"/><wire curve="180" layer="25" width="0.127" y2="1.0177" x2="-0.5783" y1="1.0177" x1="-0.2808"/></package><package name="DDC0006A_L"><smd layer="1" dx="0.8" dy="0.55" y="0.95" x="-1.275" name="1"/><smd layer="1" dx="0.8" dy="0.55" y="0" x="-1.275" name="2"/><smd layer="1" dx="0.8" dy="0.55" y="-0.95" x="-1.275" name="3"/><smd layer="1" dx="0.8" dy="0.55" y="-0.95" x="1.275" name="4"/><smd layer="1" dx="0.8" dy="0.55" y="0" x="1.275" name="5"/><smd layer="1" dx="0.8" dy="0.55" y="0.95" x="1.275" name="6"/><wire layer="21" width="0.2" y2="-1.524" x2="0.7" y1="-1.524" x1="-0.7"/><wire layer="21" width="0.2" y2="1.525" x2="0.45" y1="1.525" x1="-1.6026"/><wire layer="25" width="0.127" y2="1.165" x2="1.4371" y1="1.165" x1="0.825"/><wire layer="25" width="0.127" y2="1.165" x2="1.4371" y1="0.735" x1="1.4371"/><wire layer="25" width="0.127" y2="0.735" x2="1.4371" y1="0.735" x1="0.825"/><wire layer="25" width="0.127" y2="-0.215" x2="1.4371" y1="-0.215" x1="0.825"/><wire layer="25" width="0.127" y2="0.215" x2="1.4371" y1="-0.215" x1="1.4371"/><wire layer="25" width="0.127" y2="0.215" x2="1.4371" y1="0.215" x1="0.825"/><wire layer="25" width="0.127" y2="-1.165" x2="1.4371" y1="-1.165" x1="0.825"/><wire layer="25" width="0.127" y2="-0.735" x2="1.4371" y1="-1.165" x1="1.4371"/><wire layer="25" width="0.127" y2="-0.735" x2="1.4371" y1="-0.735" x1="0.825"/><wire layer="25" width="0.127" y2="-0.735" x2="-0.825" y1="-0.735" x1="-1.4371"/><wire layer="25" width="0.127" y2="-0.735" x2="-1.4371" y1="-1.165" x1="-1.4371"/><wire layer="25" width="0.127" y2="-1.165" x2="-0.825" y1="-1.165" x1="-1.4371"/><wire layer="25" width="0.127" y2="0.215" x2="-0.825" y1="0.215" x1="-1.4371"/><wire layer="25" width="0.127" y2="0.215" x2="-1.4371" y1="-0.215" x1="-1.4371"/><wire layer="25" width="0.127" y2="-0.215" x2="-0.825" y1="-0.215" x1="-1.4371"/><wire layer="25" width="0.127" y2="0.735" x2="-0.825" y1="0.735" x1="-1.4371"/><wire layer="25" width="0.127" y2="1.5" x2="0.8283" y1="-1.5" x1="0.8283"/><wire layer="25" width="0.127" y2="1.165" x2="-1.4371" y1="0.735" x1="-1.4371"/><wire layer="25" width="0.127" y2="1.165" x2="-0.825" y1="1.165" x1="-1.4371"/><wire layer="25" width="0.127" y2="1.5" x2="-0.75" y1="1.5" x1="-0.7538"/><wire layer="25" width="0.127" y2="-1.47" x2="-0.75" y1="-1.47" x1="-0.7538"/><wire layer="25" width="0.127" y2="1.5" x2="0.7473" y1="1.5" x1="0.7435"/><wire layer="25" width="0.127" y2="-1.47" x2="0.7473" y1="-1.47" x1="0.7435"/><wire layer="25" width="0.127" y2="1.5" x2="-0.8283" y1="-1.5" x1="-0.8283"/><wire layer="25" width="0.127" y2="1.5" x2="0.8283" y1="1.5" x1="-0.8283"/><wire layer="25" width="0.127" y2="-1.47" x2="0.7435" y1="-1.47" x1="-0.75"/><wire curve="180" layer="25" width="0.127" y2="1.0177" x2="-0.2808" y1="1.0177" x1="-0.5783"/><wire curve="180" layer="25" width="0.127" y2="1.0177" x2="-0.5783" y1="1.0177" x1="-0.2808"/></package><package name="SOD-123F"><smd layer="1" dx="1.2" dy="1.2" y="0" x="-1.4" name="1"/><smd layer="1" dx="1.2" dy="1.2" y="0" x="1.4" name="2"/><wire layer="21" width="0.1778" y2="-1.0287" x2="2.0066" y1="-1.0287" x1="-2.3114"/><wire layer="21" width="0.1778" y2="1.0287" x2="2.0066" y1="1.0287" x1="-2.3114"/><wire layer="25" width="0.127" y2="1.0287" x2="2.0066" y1="1.0287" x1="-2.3114"/><wire layer="25" width="0.127" y2="-1.0287" x2="2.0066" y1="-1.0287" x1="-2.3114"/><wire layer="25" width="0.127" y2="1.0287" x2="2.0066" y1="-1.0287" x1="2.0066"/><polygon width="0.4604" layer="21"><vertex x="-2.6416" y="-1.1176"/><vertex x="-2.1336" y="-1.1176"/><vertex x="-2.1336" y="1.1176"/><vertex x="-2.6416" y="1.1176"/></polygon><polygon width="0.4604" layer="25"><vertex x="-2.6416" y="-1.1176"/><vertex x="-2.1336" y="-1.1176"/><vertex x="-2.1336" y="1.1176"/><vertex x="-2.6416" y="1.1176"/></polygon></package><package name="TP-1502"><pad shape="round" drill="0.8128" y="0" x="0" name="1"/></package><package name="C0805C104M5RACTU"><smd layer="1" dx="1.1176" dy="1.4478" y="0" x="-0.9017" name="1"/><smd layer="1" dx="1.1176" dy="1.4478" y="0" x="0.9017" name="2"/><wire layer="25" width="0" y2="0.7239" x2="-0.3429" y1="-0.7239" x1="-0.3429"/><wire layer="25" width="0" y2="0.7239" x2="-1.1049" y1="0.7239" x1="-0.3429"/><wire layer="25" width="0" y2="-0.7239" x2="-1.1049" y1="0.7239" x1="-1.1049"/><wire layer="25" width="0" y2="-0.7239" x2="-0.3429" y1="-0.7239" x1="-1.1049"/><wire layer="25" width="0" y2="-0.7239" x2="0.3429" y1="0.7239" x1="0.3429"/><wire layer="25" width="0" y2="-0.7239" x2="1.1049" y1="-0.7239" x1="0.3429"/><wire layer="25" width="0" y2="0.7239" x2="1.1049" y1="-0.7239" x1="1.1049"/><wire layer="25" width="0" y2="0.7239" x2="0.3429" y1="0.7239" x1="1.1049"/><wire layer="25" width="0" y2="-0.7239" x2="1.1049" y1="-0.7239" x1="-1.1049"/><wire layer="25" width="0" y2="0.7239" x2="1.1049" y1="-0.7239" x1="1.1049"/><wire layer="25" width="0" y2="0.7239" x2="-1.1049" y1="0.7239" x1="1.1049"/><wire layer="25" width="0" y2="-0.7239" x2="-1.1049" y1="0.7239" x1="-1.1049"/></package></packages></library></libraries><designrules name="custom"><param name="layerSetup" value="((1*2)+(15*16))"/></designrules><elements><element rot="R90" y="46.99" x="39.37" value="" package="IND_NPI105C" library="ultra-librarian" name="L1"><attribute align="bottom-left" display="value" layer="51" size="1.778" y="50.927" x="30.48" value="L1" name="RefDes"/><attribute align="bottom-left" display="off" layer="51" size="1.778" y="50.927" x="30.48" value="NPI105C220MTRF" name="Type"/></element><element y="38.5572" x="42.545" value="" package="1206" library="ultra-librarian" name="Cin"><attribute align="bottom-left" display="value" layer="51" size="1.778" y="37.846" x="46.863" value="Cin" name="RefDes"/><attribute align="bottom-left" display="off" layer="51" size="1.778" y="37.846" x="46.863" value="GRM31CR71H475KA12L" name="Type"/></element><element rot="SR270" y="45.72" x="45.1358" value="" package="1206_180" library="ultra-librarian" name="Cout_1"/><element rot="SR270" y="45.72" x="49.0982" value="" package="1206_180" library="ultra-librarian" name="Cout_2"/><element rot="SR270" y="35.5092" x="34.0868" value="" package="0402" library="ultra-librarian" name="Rfbb"><attribute align="bottom-left" display="value" layer="51" size="1.778" y="36.068" x="27.94" value="Rfbb" name="RefDes"/><attribute align="bottom-left" display="off" layer="51" size="1.778" y="36.068" x="27.94" value="CRCW040220K0FKED" name="Type"/></element><element rot="R90" y="35.5092" x="36.7284" value="" package="0805" library="ultra-librarian" name="Rfbt"><attribute align="bottom-left" display="value" layer="51" size="1.778" y="32.004" x="36.068" value="Rfbt" name="RefDes"/><attribute align="bottom-left" display="off" layer="51" size="1.778" y="32.004" x="36.068" value="RT0805BRD07111KL" name="Type"/></element><element y="39.3192" x="37.7698" value="" package="DDC0006A_N" library="ultra-librarian" name="U1"><attribute align="bottom-left" display="value" layer="51" size="1.778" y="41.148" x="35.306" value="U1" name="RefDes"/><attribute align="bottom-left" display="off" layer="51" size="1.778" y="41.148" x="35.306" value="LMR14010ADDCR" name="Type"/></element><element y="40.9194" x="43.4086" value="" package="SOD-123F" library="ultra-librarian" name="D1"><attribute align="bottom-left" display="value" layer="51" size="1.778" y="40.894" x="49.149" value="D1" name="RefDes"/><attribute align="bottom-left" display="off" layer="51" size="1.778" y="40.894" x="49.149" value="SS24FL" name="Type"/></element><element rot="R90" y="41.656" x="29.718" value="" package="0805" library="ultra-librarian" name="Cboot"><attribute align="bottom-left" display="value" layer="51" size="1.778" y="38.354" x="28.194" value="Cboot" name="RefDes"/><attribute align="bottom-left" display="off" layer="51" size="1.778" y="38.354" x="28.194" value="C0805C104M5RACTU" name="Type"/></element><element rot="SR270" y="50.8" x="60.96" value="" package="TP-1502" library="ultra-librarian" name="VOUT"><attribute align="bottom-left" display="value" layer="51" size="1.778" y="53.848" x="58.928" value="VOUT" name="RefDes"/><attribute align="bottom-left" display="off" layer="51" size="1.778" y="53.848" x="58.928" value="TP-1502" name="Type"/></element><element rot="SR270" y="43.688" x="60.96" value="" package="TP-1502" library="ultra-librarian" name="GND"><attribute align="bottom-left" display="value" layer="51" size="1.778" y="46.736" x="59.69" value="GND" name="RefDes"/><attribute align="bottom-left" display="off" layer="51" size="1.778" y="46.736" x="59.69" value="TP-1502" name="Type"/></element><element rot="SR270" y="36.957" x="60.96" value="" package="TP-1502" library="ultra-librarian" name="GND1"><attribute align="bottom-left" display="value" layer="51" size="1.778" y="39.624" x="59.436" value="GND1" name="RefDes"/><attribute align="bottom-left" display="off" layer="51" size="1.778" y="39.624" x="59.436" value="TP-1502" name="Type"/></element><element rot="SR270" y="29.4386" x="60.96" value="" package="TP-1502" library="ultra-librarian" name="VIN"><attribute align="bottom-left" display="value" layer="51" size="1.778" y="32.258" x="59.69" value="VIN" name="RefDes"/><attribute align="bottom-left" display="off" layer="51" size="1.778" y="32.258" x="59.69" value="TP-1502" name="Type"/></element><element rot="SR270" y="28.448" x="33.528" value="" package="TP-1502" library="ultra-librarian" name="SHDN_N"><attribute align="bottom-left" display="value" layer="51" size="1.778" y="30.988" x="26.67" value="SHDN_N" name="RefDes"/><attribute align="bottom-left" display="off" layer="51" size="1.778" y="30.988" x="26.67" value="TP-1502" name="Type"/></element></elements><signals><signal name="5"><wire layer="1" width="0.508" y2="51.054" x2="44.323" y1="51.054" x1="35.179"/><wire layer="1" width="0.508" y2="49.911" x2="45.466" y1="51.054" x1="44.323"/><wire layer="1" width="0.508" y2="49.911" x2="45.466" y1="47.1678" x1="45.466"/><wire layer="1" width="0.508" y2="54.5592" x2="27.432" y1="35.941" x1="27.432"/><wire layer="1" width="0.508" y2="55.626" x2="28.4988" y1="54.5592" x1="27.432"/><wire layer="1" width="0.254" y2="50.9524" x2="61.087" y1="50.8508" x1="60.9854"/><wire layer="1" width="0.508" y2="55.626" x2="60.198" y1="55.626" x1="28.4988"/><wire layer="1" width="0.508" y2="54.864" x2="60.96" y1="55.626" x1="60.198"/><wire layer="1" width="0.508" y2="54.864" x2="60.96" y1="50.8" x1="60.96"/><wire layer="1" width="0.508" y2="32.4358" x2="35.9156" y1="32.4358" x1="30.9118"/><wire layer="1" width="0.508" y2="33.274" x2="36.7538" y1="32.4358" x1="35.9156"/><wire layer="1" width="0.508" y2="32.4358" x2="30.9118" y1="35.941" x1="27.432"/><wire layer="1" width="0.508" y2="34.6456" x2="36.7538" y1="33.274" x1="36.7538"/><wire layer="1" width="0.508" y2="47.1678" x2="57.3278" y1="47.1678" x1="45.466"/><wire layer="1" width="0.508" y2="50.8" x2="60.96" y1="47.1678" x1="57.3278"/><wire layer="1" width="0.254" y2="35.1028" x2="36.7411" y1="34.163" x1="36.7411"/><polygon spacing="0.254" layer="1" width="0" rank="2"><vertex y="45.847" x="43.561"/><vertex y="47.117" x="43.561"/><vertex y="47.117" x="28.575"/><vertex y="54.61" x="28.575"/><vertex y="54.61" x="64.643"/><vertex y="45.847" x="64.643"/></polygon><via shape="round" drill="2.4892" diameter="3.4798" extent="1-16" y="50.8" x="60.96"/><contactref pad="2" element="L1"/><contactref pad="1" element="Cout_1"/><contactref pad="1" element="Cout_2"/><contactref pad="1" element="Rfbt"/><contactref pad="1" element="VOUT"/></signal><signal name="12"><wire layer="1" width="0.381" y2="39.3446" x2="41.4274" y1="39.3446" x1="38.9128"/><wire layer="1" width="0.381" y2="39.0652" x2="41.6814" y1="38.354" x1="41.6814"/><wire layer="1" width="0.381" y2="39.0652" x2="41.6814" y1="39.3446" x1="41.4274"/><wire layer="1" width="0.381" y2="29.464" x2="60.96" y1="29.464" x1="55.88"/><wire layer="1" width="0.381" y2="38.354" x2="41.6814" y1="31.6992" x1="41.6814"/><wire layer="1" width="0.381" y2="30.988" x2="42.418" y1="31.6992" x1="41.6814"/><wire layer="1" width="0.381" y2="30.988" x2="54.356" y1="30.988" x1="42.418"/><wire layer="1" width="0.381" y2="29.464" x2="55.88" y1="30.988" x1="54.356"/><polygon spacing="0.254" layer="1" width="0"><vertex y="38.862" x="38.1"/><vertex y="38.862" x="40.132"/><vertex y="25.781" x="40.132"/><vertex y="25.781" x="64.643"/><vertex y="32.131" x="64.643"/><vertex y="32.131" x="42.418"/><vertex y="39.624" x="42.418"/><vertex y="39.624" x="38.1"/></polygon><via shape="round" drill="2.4892" diameter="3.4798" extent="1-16" y="29.464" x="60.96"/><contactref pad="1" element="Cin"/><contactref pad="5" element="U1"/><contactref pad="1" element="VIN"/></signal><signal name="6"><wire layer="1" width="0.508" y2="43.2054" x2="35.179" y1="43.2054" x1="32.6644"/><wire layer="1" width="0.508" y2="43.2054" x2="32.6644" y1="42.4942" x1="31.9532"/><wire layer="1" width="0.508" y2="42.4942" x2="31.9532" y1="42.4942" x1="29.718"/><wire layer="1" width="0.508" y2="42.799" x2="41.4782" y1="43.2054" x1="41.0464"/><wire layer="1" width="0.508" y2="43.2054" x2="41.0464" y1="43.2054" x1="35.179"/><wire layer="1" width="0.508" y2="41.402" x2="39.497" y1="40.8432" x1="38.9382"/><wire layer="1" width="0.508" y2="40.8432" x2="38.9382" y1="40.2844" x1="38.9382"/><wire layer="1" width="0.508" y2="41.402" x2="41.4782" y1="41.402" x1="39.497"/><wire layer="1" width="0.508" y2="42.799" x2="41.4782" y1="41.402" x1="41.4782"/><wire layer="1" width="0.254" y2="42.9514" x2="29.7053" y1="42.0116" x1="29.7053"/><polygon spacing="0.254" layer="1" width="0" rank="3"><vertex y="39.878" x="43.307"/><vertex y="39.878" x="38.227"/><vertex y="41.91" x="38.227"/><vertex y="41.91" x="28.575"/><vertex y="46.863" x="28.575"/><vertex y="46.863" x="43.307"/></polygon><contactref pad="1" element="L1"/><contactref pad="6" element="U1"/><contactref pad="1" element="D1"/><contactref pad="2" element="Cboot"/></signal><signal name="1"><wire layer="1" width="0.381" y2="40.7924" x2="34.8742" y1="40.7924" x1="29.718"/><wire layer="1" width="0.381" y2="40.2844" x2="35.3822" y1="40.7924" x1="34.8742"/><wire layer="1" width="0.381" y2="40.2844" x2="36.6014" y1="40.2844" x1="35.3822"/><wire layer="1" width="0.254" y2="41.2496" x2="29.7053" y1="40.3098" x1="29.7053"/><contactref pad="1" element="U1"/><contactref pad="1" element="Cboot"/></signal><signal name="0"><wire layer="1" width="0.635" y2="39.3446" x2="36.6014" y1="39.3446" x1="34.8996"/><wire layer="1" width="0.508" y2="39.3446" x2="37.5412" y1="39.3446" x1="37.0078"/><wire layer="1" width="0.254" y2="39.3192" x2="37.7444" y1="37.7698" x1="37.7444"/><wire layer="1" width="0.254" y2="41.0972" x2="37.7444" y1="39.3446" x1="37.7444"/><wire layer="1" width="0.381" y2="34.6456" x2="34.1122" y1="34.6456" x1="32.7152"/><wire layer="1" width="0.635" y2="39.3446" x2="34.8996" y1="38.7858" x1="34.3408"/><wire layer="1" width="0.381" y2="34.6456" x2="32.7152" y1="35.0012" x1="32.385"/><wire layer="1" width="0.381" y2="38.354" x2="32.385" y1="35.0012" x1="32.385"/><wire layer="1" width="0.381" y2="38.7858" x2="32.8168" y1="38.354" x1="32.385"/><wire layer="1" width="0.381" y2="38.7858" x2="34.3408" y1="38.7858" x1="32.8168"/><wire layer="1" width="0.254" y2="44.45" x2="60.96" y1="43.688" x1="60.96"/><wire layer="1" width="0.635" y2="36.957" x2="60.96" y1="36.83" x1="60.833"/><wire layer="1" width="0.635" y2="36.83" x2="60.833" y1="36.83" x1="46.8884"/><wire layer="1" width="0.635" y2="43.688" x2="53.086" y1="44.2468" x1="52.5018"/><wire layer="1" width="0.635" y2="43.688" x2="60.96" y1="43.688" x1="53.086"/><wire layer="1" width="0.635" y2="36.83" x2="46.8884" y1="38.354" x1="45.3644"/><wire layer="1" width="0.635" y2="38.354" x2="45.3644" y1="38.354" x1="43.3832"/><wire layer="1" width="0.635" y2="44.2468" x2="52.5018" y1="44.2468" x1="45.466"/><wire layer="1" width="0.635" y2="41.402" x2="48.26" y1="41.402" x1="45.8724"/><wire layer="1" width="0.508" y2="42.6212" x2="45.8724" y1="41.402" x1="45.8724"/><wire layer="1" width="0.508" y2="42.6212" x2="45.8724" y1="43.053" x1="45.466"/><wire layer="1" width="0.508" y2="44.2468" x2="45.466" y1="43.053" x1="45.466"/><wire layer="1" width="0.254" y2="35.1028" x2="34.0995" y1="34.163" x1="34.0995"/><polygon spacing="0.254" layer="1" width="0" rank="5"><vertex y="39.624" x="43.561"/><vertex y="39.624" x="42.672"/><vertex y="32.385" x="42.672"/><vertex y="32.385" x="64.643"/><vertex y="45.593" x="64.643"/><vertex y="45.593" x="43.561"/></polygon><polygon spacing="0.254" layer="1" width="0" rank="6"><vertex y="35.306" x="35.179"/><vertex y="35.306" x="33.02"/><vertex y="37.846" x="33.02"/><vertex y="37.846" x="34.925"/><vertex y="39.624" x="34.925"/><vertex y="39.624" x="31.877"/><vertex y="33.401" x="31.877"/><vertex y="33.401" x="35.179"/></polygon><polygon spacing="0.254" layer="16" width="0" rank="4"><vertex y="25.781" x="25.781"/><vertex y="25.781" x="64.643"/><vertex y="56.388" x="64.643"/><vertex y="56.388" x="25.781"/></polygon><via shape="round" drill="0.508" diameter="1.016" extent="1-16" y="38.7858" x="34.3408"/><via shape="round" drill="0.508" diameter="1.016" extent="1-16" y="38.354" x="45.3644"/><via shape="round" drill="0.508" diameter="1.016" extent="1-16" y="41.402" x="48.26"/><via shape="round" drill="2.4892" diameter="3.4798" extent="1-16" y="43.688" x="60.96"/><via shape="round" drill="2.4892" diameter="3.4798" extent="1-16" y="36.957" x="60.96"/><contactref pad="2" element="Cin"/><contactref pad="2" element="Cout_1"/><contactref pad="2" element="Cout_2"/><contactref pad="2" element="Rfbb"/><contactref pad="2" element="U1"/><contactref pad="2" element="D1"/><contactref pad="1" element="GND"/><contactref pad="1" element="GND1"/></signal><signal name="2"><wire layer="1" width="0.508" y2="38.0492" x2="35.4838" y1="36.3474" x1="35.4838"/><wire layer="1" width="0.508" y2="36.3474" x2="35.4838" y1="36.3474" x1="34.1376"/><wire layer="1" width="0.508" y2="36.3474" x2="36.7538" y1="36.3474" x1="35.4838"/><wire layer="1" width="0.508" y2="38.4048" x2="36.6014" y1="38.4048" x1="35.8394"/><wire layer="1" width="0.508" y2="38.4048" x2="35.8394" y1="38.0492" x1="35.4838"/><wire layer="1" width="0.254" y2="36.8046" x2="36.7411" y1="35.8648" x1="36.7411"/><wire layer="1" width="0.254" y2="36.8046" x2="34.0995" y1="35.8648" x1="34.0995"/><contactref pad="1" element="Rfbb"/><contactref pad="2" element="Rfbt"/><contactref pad="3" element="U1"/></signal><signal name="14"><wire layer="1" width="0.381" y2="38.4048" x2="38.9382" y1="32.512" x1="38.9382"/><wire layer="1" width="0.381" y2="31.496" x2="34.29" y1="30.734" x1="33.528"/><wire layer="1" width="0.381" y2="31.496" x2="37.9222" y1="31.496" x1="34.29"/><wire layer="1" width="0.381" y2="30.734" x2="33.528" y1="28.448" x1="33.528"/><wire layer="1" width="0.381" y2="32.512" x2="38.9382" y1="31.496" x1="37.9222"/><via shape="round" drill="2.4892" diameter="3.4798" extent="1-16" y="28.448" x="33.528"/><contactref pad="4" element="U1"/><contactref pad="1" element="SHDN_N"/></signal></signals></board></drawing></eagle>
