<eagle version="6.1"><drawing><settings><setting alwaysvectorfont="no" verticaltext="up"/></settings><grid distance="0.1" unitdist="inch" unit="inch" style="lines" multiple="1" display="no" altdistance="0.01" altunitdist="inch" altunit="inch"/><layers><layer number="91" name="Nets" color="2" fill="1" visible="yes" active="yes"/><layer number="92" name="Busses" color="1" fill="1" visible="yes" active="yes"/><layer number="93" name="Pins" color="2" fill="1" visible="no" active="yes"/><layer number="94" name="Symbols" color="4" fill="1" visible="yes" active="yes"/><layer number="95" name="Names" color="7" fill="1" visible="yes" active="yes"/><layer number="96" name="Values" color="7" fill="1" visible="yes" active="yes"/><layer number="97" name="Info" color="7" fill="1" visible="yes" active="yes"/><layer number="98" name="Guide" color="6" fill="1" visible="yes" active="yes"/></layers><schematic><libraries><library name="AcceleratedDesigns_Lib"><packages><package name="0805"><pad name="1" drill="0" y="0" x="-0.9017"/><pad name="2" drill="0" y="0" x="0.9017"/></package><package name="DDC0006A_N"><pad name="1" drill="0" y="0.95" x="-1.375"/><pad name="2" drill="0" y="0" x="-1.375"/><pad name="3" drill="0" y="-0.95" x="-1.375"/><pad name="4" drill="0" y="-0.95" x="1.375"/><pad name="5" drill="0" y="0" x="1.375"/><pad name="6" drill="0" y="0.95" x="1.375"/></package><package name="DDC0006A_M"><pad name="1" drill="0" y="0.95" x="-1.475"/><pad name="2" drill="0" y="0" x="-1.475"/><pad name="3" drill="0" y="-0.95" x="-1.475"/><pad name="4" drill="0" y="-0.95" x="1.475"/><pad name="5" drill="0" y="0" x="1.475"/><pad name="6" drill="0" y="0.95" x="1.475"/></package><package name="DDC0006A_L"><pad name="1" drill="0" y="0.95" x="-1.275"/><pad name="2" drill="0" y="0" x="-1.275"/><pad name="3" drill="0" y="-0.95" x="-1.275"/><pad name="4" drill="0" y="-0.95" x="1.275"/><pad name="5" drill="0" y="0" x="1.275"/><pad name="6" drill="0" y="0.95" x="1.275"/></package><package name="1206"><pad name="1" drill="0" y="0" x="-1.4986"/><pad name="2" drill="0" y="0" x="1.4986"/></package><package name="1206_180"><pad name="1" drill="0" y="0" x="-1.4986"/><pad name="2" drill="0" y="0" x="1.4986"/></package><package name="SOD-123F"><pad name="1" drill="0" y="0" x="-1.4"/><pad name="2" drill="0" y="0" x="1.4"/></package><package name="IND_NPI105C"><pad name="1" drill="0" y="0" x="-3.1242"/><pad name="2" drill="0" y="0" x="3.1242"/></package><package name="0402"><pad name="1" drill="0" y="0" x="-0.4191"/><pad name="2" drill="0" y="0" x="0.4191"/></package><package name="WB_GND"><pad name="1" drill="0" y="0" x="0"/></package><package name="WB_CURRENT_LOAD"><pad name="1" drill="0" y="0" x="0"/><pad name="2" drill="0" y="0" x="0"/></package><package name="WB_BATTERY"><pad name="1" drill="0" y="0" x="0"/><pad name="2" drill="0" y="0" x="0"/></package></packages><symbols><symbol name="C0805C104M5RACTU@1"><pin name="1@1" x="7.62" y="0" rot="MR0" direction="pas" length="short" visible="off" swaplevel="0"/><pin name="2@2" x="-7.62" y="0" rot="MR180" direction="pas" length="short" visible="off" swaplevel="0"/><wire x1="7.62" y1="0" x2="5.08" y2="0" width="0.1524" layer="94"/><wire x1="-7.62" y1="0" x2="-5.08" y2="0" width="0.1524" layer="94"/><wire x1="0.762" y1="-3.048" x2="0.762" y2="3.048" width="0.1524" layer="94"/><wire x1="-5.08" y1="0" x2="-0.762" y2="0" width="0.1524" layer="94"/><wire x1="0.762" y1="0" x2="5.08" y2="0" width="0.1524" layer="94"/><wire x1="-0.762" y1="-3.048" x2="-0.762" y2="3.048" width="0.1524" layer="94"/><text size="2" x="0" y="7.62" layer="95" align="center">&gt;NAME</text><text size="2" x="0" y="5.08" layer="96" align="center">&gt;VALUE</text></symbol><symbol name="LMR14010ADDCR@1"><wire x1="-12.7" y1="-15.24" x2="12.7" y2="-15.24" width="0.2032" layer="94"/><wire x1="12.7" y1="-15.24" x2="12.7" y2="15.24" width="0.2032" layer="94"/><wire x1="12.7" y1="15.24" x2="-12.7" y2="15.24" width="0.2032" layer="94"/><wire x1="-12.7" y1="15.24" x2="-12.7" y2="-15.24" width="0.2032" layer="94"/><pin name="CB@1" x="17.78" y="10.16" rot="MR0" direction="pas" length="middle" visible="both" swaplevel="0"/><pin name="GND@2" x="17.78" y="-12.7" rot="MR0" direction="pwr" length="middle" visible="both" swaplevel="0"/><pin name="FB@3" x="17.78" y="-7.62" rot="MR0" direction="in" length="middle" visible="both" swaplevel="0"/><pin name="SHDN_N@4" x="-17.78" y="0" rot="MR180" direction="in" length="middle" visible="both" swaplevel="0"/><pin name="VIN@5" x="-17.78" y="10.16" rot="MR180" direction="pwr" length="middle" visible="both" swaplevel="0"/><pin name="SW@6" x="17.78" y="2.54" rot="MR0" direction="pwr" length="middle" visible="both" swaplevel="0"/><text size="2" x="0" y="2.54" layer="95" align="center">&gt;NAME</text><text size="2" x="0" y="0" layer="96" align="center">&gt;VALUE</text><text size="2" x="0" y="0" layer="96" align="center">&gt;VALUE</text></symbol><symbol name="GRM31CR71H475KA12L@1"><pin name="1@1" x="7.62" y="0" rot="MR0" direction="pas" length="short" visible="off" swaplevel="0"/><pin name="2@2" x="-7.62" y="0" rot="MR180" direction="pas" length="short" visible="off" swaplevel="0"/><wire x1="7.62" y1="0" x2="5.08" y2="0" width="0.1524" layer="94"/><wire x1="-7.62" y1="0" x2="-5.08" y2="0" width="0.1524" layer="94"/><wire x1="0.762" y1="-3.048" x2="0.762" y2="3.048" width="0.1524" layer="94"/><wire x1="-5.08" y1="0" x2="-0.762" y2="0" width="0.1524" layer="94"/><wire x1="0.762" y1="0" x2="5.08" y2="0" width="0.1524" layer="94"/><wire x1="-0.762" y1="-3.048" x2="-0.762" y2="3.048" width="0.1524" layer="94"/><text size="2" x="0" y="7.62" layer="95" align="center">&gt;NAME</text><text size="2" x="0" y="5.08" layer="96" align="center">&gt;VALUE</text></symbol><symbol name="WB_GND@1"><pin name="1@1" x="0" y="2.54" rot="MR270" direction="pas" length="short" visible="off" swaplevel="0"/><wire x1="0" y1="2.54" x2="0" y2="0" width="0.1524" layer="94"/><wire x1="-3.302" y1="0" x2="3.302" y2="0" width="0.1524" layer="94"/><wire x1="-2.286" y1="-1.016" x2="2.286" y2="-1.016" width="0.1524" layer="94"/><wire x1="-0.762" y1="-2.032" x2="0.762" y2="-2.032" width="0.1524" layer="94"/></symbol><symbol name="WB_CURRENT_LOAD@1"><pin name="+@1" x="-7.62" y="0" rot="MR180" direction="pas" length="short" visible="off" swaplevel="0"/><pin name="-@2" x="7.62" y="0" rot="MR0" direction="pas" length="short" visible="off" swaplevel="0"/><wire cap="round" x1="-3.80144541893069" y1="6.11111003035226E-05" x2="-2.68631595182662" y2="-2.68638598005626" layer="94" curve="44.25835" width="0.1524"/><wire cap="round" x1="-2.7008340002096" y1="-2.70084492188432" x2="-3.010245531766E-05" y2="-3.82193519093877" layer="94" curve="44.8182" width="0.1524"/><wire cap="round" x1="-1.47901228405671E-05" y1="-3.81607473385618" x2="2.69671339012067" y2="-2.69667753776659" layer="94" curve="45.38076" width="0.1524"/><wire cap="round" x1="2.69020543466835" y1="-2.69018253944063" x2="3.80688023502889" y2="-1.58895406142942E-05" layer="94" curve="45.58721" width="0.1524"/><wire cap="round" x1="3.80144542387741" y1="-6.17958751984642E-05" x2="2.68631643327033" y2="2.68638549307261" layer="94" curve="44.25835" width="0.1524"/><wire cap="round" x1="2.70083237377049" y1="2.70084654561062" x2="2.78042467919214E-05" y2="3.82193519631281" layer="94" curve="44.8182" width="0.1524"/><wire cap="round" x1="1.57980194586995E-05" y1="3.81607473126472" x2="-2.69671268033746" y2="2.69667825335733" layer="94" curve="45.38076" width="0.1524"/><wire cap="round" x1="-2.69020543466835" y1="2.69018253944063" x2="-3.80688023502889" y2="1.58895406171733E-05" layer="94" curve="45.58721" width="0.1524"/><wire x1="7.62" y1="0" x2="3.81" y2="0" width="0.1524" layer="94"/><wire x1="-3.81" y1="0" x2="-7.62" y2="0" width="0.1524" layer="94"/><wire x1="0.762" y1="-1.778" x2="3.048" y2="0" width="0.1524" layer="94"/><wire x1="0.762" y1="1.778" x2="3.048" y2="0" width="0.1524" layer="94"/><wire x1="3.048" y1="0" x2="-3.048" y2="0" width="0.1524" layer="94"/></symbol><symbol name="SS24FL@1"><pin name="A@1" x="7.62" y="0" rot="MR0" direction="pas" length="short" visible="both" swaplevel="0"/><pin name="K@2" x="-7.62" y="0" rot="MR180" direction="pas" length="short" visible="both" swaplevel="0"/><wire x1="-7.62" y1="0" x2="7.62" y2="0" width="0.1524" layer="94"/><polygon width="0.1524" layer="94"><vertex x="2.032" y="2.54"/><vertex x="-2.032" y="0"/><vertex x="2.032" y="-2.54"/></polygon><wire x1="-2.794" y1="2.032" x2="-2.794" y2="2.54" width="0.1524" layer="94"/><wire x1="-2.794" y1="2.54" x2="-2.032" y2="2.54" width="0.1524" layer="94"/><wire x1="-2.032" y1="2.54" x2="-2.032" y2="-2.54" width="0.1524" layer="94"/><wire x1="-2.032" y1="-2.54" x2="-1.27" y2="-2.54" width="0.1524" layer="94"/><wire x1="-1.27" y1="-2.54" x2="-1.27" y2="-2.032" width="0.1524" layer="94"/><text size="2" x="0" y="0" layer="95" align="center">&gt;NAME</text><text size="2" x="0" y="0" layer="96" align="center">&gt;VALUE</text></symbol><symbol name="NPI105C220MTRF@1"><pin name="2@2" x="7.62" y="0" rot="MR0" direction="pas" length="short" visible="off" swaplevel="0"/><pin name="1@1" x="-7.62" y="0" rot="MR180" direction="pas" length="short" visible="off" swaplevel="0"/><wire cap="round" x1="2.70086965376353" y1="0.835686125023295" x2="2.5488127292636" y2="-6.24799789495706E-04" layer="94" curve="12.47546" width="0.1524"/><wire cap="round" x1="3.80990829544782" y1="1.85597139451402" x2="2.69064524918793" y2="0.838459388755286" layer="94" curve="78.62357" width="0.1524"/><wire cap="round" x1="4.90450120907934" y1="0.838494459997258" x2="3.81012877640754" y2="1.85651641360845" layer="94" curve="79.52696" width="0.1524"/><wire cap="round" x1="5.08194212297714" y1="7.65933497371016E-02" x2="4.90412159312222" y2="0.838683789637753" layer="94" curve="2.683002" width="0.1524"/><wire x1="5.08" y1="7.32740090825246E-14" x2="7.62" y2="8.71708039085205E-14" width="0.1524" layer="94"/><wire cap="round" x1="0.160869647012591" y1="0.835686120495971" x2="8.81272251266148E-03" y2="-6.24804316819648E-04" layer="94" curve="12.47546" width="0.1524"/><wire cap="round" x1="1.26990852880952" y1="1.85597126998469" x2="0.150645552335143" y2="0.838459735984588" layer="94" curve="78.62355" width="0.1524"/><wire cap="round" x1="2.36450120579728" y1="0.838494428025542" x2="1.27012877312548" y2="1.85651638163673" layer="94" curve="79.52696" width="0.1524"/><wire cap="round" x1="2.53556331240561" y1="-0.177885354456139" x2="2.35799865867502" y2="0.83677165558159" layer="94" curve="17.67289" width="0.1524"/><wire cap="round" x1="-2.37913022471952" y1="0.835686100537919" x2="-2.53118714921945" y2="-6.24824274872179E-04" layer="94" curve="12.47546" width="0.1524"/><wire cap="round" x1="-1.27009153439261" y1="1.85597127646014" x2="-2.38935453412885" y2="0.838459585207164" layer="94" curve="78.62356" width="0.1524"/><wire cap="round" x1="-0.17549876466415" y1="0.838494473537584" x2="-1.26987119733595" y2="1.85651642714878" layer="94" curve="79.52696" width="0.1524"/><wire cap="round" x1="-4.43666361586885E-03" y1="-0.177885358125391" x2="-0.182001317346461" y2="0.836771651912338" layer="94" curve="17.67289" width="0.1524"/><wire x1="-7.62" y1="1.31748834064638E-14" x2="-5.08" y2="1.3716316971113E-14" width="0.1524" layer="94"/><wire cap="round" x1="-4.91913036648931" y1="0.835686111441321" x2="-5.07118729098924" y2="-6.2481337147006E-04" layer="94" curve="12.47546" width="0.1524"/><wire cap="round" x1="-3.81009141933233" y1="1.85597124231149" x2="-4.9293543958067" y2="0.838459708311387" layer="94" curve="78.62355" width="0.1524"/><wire cap="round" x1="-2.71549867276639" y1="0.838494472482158" x2="-3.80987126078252" y2="1.85651643468738" layer="94" curve="79.52697" width="0.1524"/><wire cap="round" x1="-2.54443665882017" y1="-0.177885354014588" x2="-2.72200131255076" y2="0.836771656023141" layer="94" curve="17.67289" width="0.1524"/><wire cap="round" x1="-2.54499763137906" y1="2.51755460236626E-03" x2="-2.54499765572502" y2="-0.180317541662839" layer="94" curve="53.47319" width="0.1524"/><wire cap="round" x1="-4.99761237348031E-03" y1="2.51757271580121E-03" x2="-4.9976367194459E-03" y2="-0.180317523549404" layer="94" curve="53.47319" width="0.1524"/><wire cap="round" x1="2.53500243197289" y1="2.51757460827418E-03" x2="2.53500238936746" y2="-0.180317485409697" layer="94" curve="53.47318" width="0.1524"/><text size="2" x="0" y="5.715" layer="95" align="center">&gt;NAME</text><text size="2" x="0" y="3.175" layer="96" align="center">&gt;VALUE</text></symbol><symbol name="RT0805BRD07111KL@1"><pin name="1@1" x="7.62" y="0" rot="MR0" direction="pas" length="short" visible="off" swaplevel="0"/><pin name="2@2" x="-7.62" y="0" rot="MR180" direction="pas" length="short" visible="off" swaplevel="0"/><wire x1="7.62" y1="0" x2="5.08" y2="0" width="0.1524" layer="94"/><wire x1="5.08" y1="0" x2="3.81" y2="1.524" width="0.1524" layer="94"/><wire x1="3.81" y1="1.524" x2="1.905" y2="-1.524" width="0.1524" layer="94"/><wire x1="1.905" y1="-1.524" x2="0" y2="1.524" width="0.1524" layer="94"/><wire x1="0" y1="1.524" x2="-1.905" y2="-1.524" width="0.1524" layer="94"/><wire x1="-1.905" y1="-1.524" x2="-3.81" y2="1.524" width="0.1524" layer="94"/><wire x1="-3.81" y1="1.524" x2="-5.08" y2="0" width="0.1524" layer="94"/><wire x1="-5.08" y1="0" x2="-7.62" y2="0" width="0.1524" layer="94"/><text size="2" x="0" y="5.715" layer="95" align="center">&gt;NAME</text><text size="2" x="0" y="3.175" layer="96" align="center">&gt;VALUE</text></symbol><symbol name="CRCW040220K0FKED@1"><pin name="1@1" x="7.62" y="0" rot="MR0" direction="pas" length="short" visible="off" swaplevel="0"/><pin name="2@2" x="-7.62" y="0" rot="MR180" direction="pas" length="short" visible="off" swaplevel="0"/><wire x1="7.62" y1="0" x2="5.08" y2="0" width="0.1524" layer="94"/><wire x1="5.08" y1="0" x2="3.81" y2="1.524" width="0.1524" layer="94"/><wire x1="3.81" y1="1.524" x2="1.905" y2="-1.524" width="0.1524" layer="94"/><wire x1="1.905" y1="-1.524" x2="0" y2="1.524" width="0.1524" layer="94"/><wire x1="0" y1="1.524" x2="-1.905" y2="-1.524" width="0.1524" layer="94"/><wire x1="-1.905" y1="-1.524" x2="-3.81" y2="1.524" width="0.1524" layer="94"/><wire x1="-3.81" y1="1.524" x2="-5.08" y2="0" width="0.1524" layer="94"/><wire x1="-5.08" y1="0" x2="-7.62" y2="0" width="0.1524" layer="94"/><text size="2" x="0" y="5.715" layer="95" align="center">&gt;NAME</text><text size="2" x="0" y="3.175" layer="96" align="center">&gt;VALUE</text></symbol><symbol name="WB_BATTERY@1"><pin name="+@1" x="-7.62" y="0" rot="MR180" direction="pas" length="short" visible="off" swaplevel="0"/><pin name="-@2" x="7.62" y="0" rot="MR0" direction="pas" length="short" visible="off" swaplevel="0"/><wire x1="-2.032" y1="0" x2="-7.62" y2="0" width="0.1524" layer="94"/><wire x1="-1.778" y1="-3.048" x2="-1.778" y2="3.048" width="0.1524" layer="94"/><wire x1="1.016" y1="-3.048" x2="1.016" y2="3.048" width="0.1524" layer="94"/><wire x1="7.62" y1="0" x2="2.794" y2="0" width="0.1524" layer="94"/><wire x1="-0.508" y1="-1.27" x2="-0.508" y2="1.27" width="0.1524" layer="94"/><wire x1="-0.254" y1="-1.27" x2="-0.254" y2="1.27" width="0.1524" layer="94"/><wire x1="-3.556" y1="2.286" x2="-3.556" y2="3.81" width="0.1524" layer="94"/><wire x1="-2.794" y1="3.048" x2="-4.318" y2="3.048" width="0.1524" layer="94"/><wire x1="3.302" y1="2.54" x2="3.302" y2="3.81" width="0.1524" layer="94"/><wire x1="2.54" y1="-1.27" x2="2.54" y2="1.27" width="0.1524" layer="94"/><wire x1="2.286" y1="-1.27" x2="2.286" y2="1.27" width="0.1524" layer="94"/><text size="2" x="0" y="5.08" layer="95" align="center">&gt;NAME</text></symbol><symbol name="C3216X6S1V106K160AC@1"><pin name="1@1" x="7.62" y="0" rot="MR0" direction="pas" length="short" visible="off" swaplevel="0"/><pin name="2@2" x="-7.62" y="0" rot="MR180" direction="pas" length="short" visible="off" swaplevel="0"/><wire x1="7.62" y1="0" x2="5.08" y2="0" width="0.1524" layer="94"/><wire x1="-7.62" y1="0" x2="-5.08" y2="0" width="0.1524" layer="94"/><wire x1="0.762" y1="-3.048" x2="0.762" y2="3.048" width="0.1524" layer="94"/><wire x1="-5.08" y1="0" x2="-0.762" y2="0" width="0.1524" layer="94"/><wire x1="0.762" y1="0" x2="5.08" y2="0" width="0.1524" layer="94"/><wire x1="-0.762" y1="-3.048" x2="-0.762" y2="3.048" width="0.1524" layer="94"/><text size="2" x="0" y="7.62" layer="95" align="center">&gt;NAME</text><text size="2" x="0" y="5.08" layer="96" align="center">&gt;VALUE</text></symbol></symbols><devicesets><deviceset name="C0805C104M5RACTU" prefix=""><gates><gate name="1" addlevel="always" y="0" x="0" symbol="C0805C104M5RACTU@1"/></gates><devices><device name="C0805C104M5RACTU" package="0805"><connects><connect pad="1" pin="1@1" gate="1"/><connect pad="2" pin="2@2" gate="1"/></connects><technologies><technology name=""><attribute name="Cap" value="1.0E-7" constant="no"/><attribute name="ESR" value="0.064" constant="no"/><attribute name="IRMS" value="1.64" constant="no"/><attribute name="VDC" value="50.0" constant="no"/><attribute name="Manufacturer_Part_Number" value="C0805C104M5RACTU" constant="no"/><attribute name="Vendor" value="Kemet" constant="no"/><attribute name="Manufacturer_Name" value="Kemet" constant="no"/></technology></technologies></device></devices></deviceset><deviceset name="LMR14010ADDCR" prefix="U"><gates><gate name="1" addlevel="always" y="0" x="0" symbol="LMR14010ADDCR@1"/></gates><devices><device name="LMR14010ADDCR" package="DDC0006A_N"><connects><connect pad="1" pin="CB@1" gate="1"/><connect pad="2" pin="GND@2" gate="1"/><connect pad="3" pin="FB@3" gate="1"/><connect pad="4" pin="SHDN_N@4" gate="1"/><connect pad="5" pin="VIN@5" gate="1"/><connect pad="6" pin="SW@6" gate="1"/></connects><technologies><technology name=""><attribute name="PartNumber" value="LMR14010ADDCR" constant="no"/><attribute name="Manufacturer" value="Texas Instruments" constant="no"/><attribute name="RefDes" value="RefDes" constant="no"/><attribute name="TYPE" value="TYPE" constant="no"/><attribute name="Value" value="Value" constant="no"/><attribute name="Manufacturer_Part_Number" value="LMR14010ADDCR" constant="no"/><attribute name="Manufacturer_Name" value="Texas Instruments" constant="no"/></technology></technologies></device></devices></deviceset><deviceset name="GRM31CR71H475KA12L" prefix=""><gates><gate name="1" addlevel="always" y="0" x="0" symbol="GRM31CR71H475KA12L@1"/></gates><devices><device name="GRM31CR71H475KA12L" package="1206"><connects><connect pad="1" pin="1@1" gate="1"/><connect pad="2" pin="2@2" gate="1"/></connects><technologies><technology name=""><attribute name="Cap" value="4.7E-6" constant="no"/><attribute name="ESR" value="0.0" constant="no"/><attribute name="IRMS" value="0.0" constant="no"/><attribute name="VDC" value="50.0" constant="no"/><attribute name="Manufacturer_Part_Number" value="GRM31CR71H475KA12L" constant="no"/><attribute name="Vendor" value="MuRata" constant="no"/><attribute name="Manufacturer_Name" value="MuRata" constant="no"/></technology></technologies></device></devices></deviceset><deviceset name="WB_GND" prefix=""><gates><gate name="1" addlevel="always" y="0" x="0" symbol="WB_GND@1"/></gates><devices><device name="WB_GND" package="WB_GND"><connects><connect pad="1" pin="1@1" gate="1"/></connects><technologies><technology name=""><attribute name="Value" value="Value" constant="no"/><attribute name="Manufacturer_Part_Number" value="WB_GND" constant="no"/><attribute name="Manufacturer_Name" value="WB_GND" constant="no"/><attribute name="PowerPortType" value="POWER_GROUND" constant="no"/></technology></technologies></device></devices></deviceset><deviceset name="WB_CURRENT_LOAD" prefix=""><gates><gate name="1" addlevel="always" y="0" x="0" symbol="WB_CURRENT_LOAD@1"/></gates><devices><device name="WB_CURRENT_LOAD" package="WB_CURRENT_LOAD"><connects><connect pad="1" pin="+@1" gate="1"/><connect pad="2" pin="-@2" gate="1"/></connects><technologies><technology name=""><attribute name="Value" value="Value" constant="no"/><attribute name="Manufacturer_Part_Number" value="WB_CURRENT_LOAD" constant="no"/><attribute name="Manufacturer_Name" value="WB_CURRENT_LOAD" constant="no"/><attribute name="PowerPortType" value="POWER_GROUND" constant="no"/></technology></technologies></device></devices></deviceset><deviceset name="SS24FL" prefix=""><gates><gate name="1" addlevel="always" y="0" x="0" symbol="SS24FL@1"/></gates><devices><device name="SS24FL" package="SOD-123F"><connects><connect pad="2" pin="A@1" gate="1"/><connect pad="1" pin="K@2" gate="1"/></connects><technologies><technology name=""><attribute name="Datasheet_URL" value="https://www.fairchildsemi.com/datasheets/SS/SS24FL.pdf" constant="no"/><attribute name="Io" value="2.0" constant="no"/><attribute name="VRRM" value="40.0" constant="no"/><attribute name="VFatIo" value="0.55" constant="no"/><attribute name="Manufacturer_Part_Number" value="SS24FL" constant="no"/><attribute name="Vendor" value="Fairchild Semiconductor" constant="no"/><attribute name="Manufacturer_Name" value="Fairchild Semiconductor" constant="no"/></technology></technologies></device></devices></deviceset><deviceset name="NPI105C220MTRF" prefix=""><gates><gate name="1" addlevel="always" y="0" x="0" symbol="NPI105C220MTRF@1"/></gates><devices><device name="NPI105C220MTRF" package="IND_NPI105C"><connects><connect pad="1" pin="1@1" gate="1"/><connect pad="2" pin="2@2" gate="1"/></connects><technologies><technology name=""><attribute name="L" value="2.2E-5" constant="no"/><attribute name="DCR" value="0.1" constant="no"/><attribute name="IDC" value="1.95" constant="no"/><attribute name="Manufacturer_Part_Number" value="NPI105C220MTRF" constant="no"/><attribute name="Vendor" value="NIC Components" constant="no"/><attribute name="Manufacturer_Name" value="NIC Components" constant="no"/></technology></technologies></device></devices></deviceset><deviceset name="RT0805BRD07111KL" prefix=""><gates><gate name="1" addlevel="always" y="0" x="0" symbol="RT0805BRD07111KL@1"/></gates><devices><device name="RT0805BRD07111KL" package="0805"><connects><connect pad="1" pin="1@1" gate="1"/><connect pad="2" pin="2@2" gate="1"/></connects><technologies><technology name=""><attribute name="Resistance" value="111000.0" constant="no"/><attribute name="Power" value="0.125" constant="no"/><attribute name="Tolerance" value="0.1" constant="no"/><attribute name="Manufacturer_Part_Number" value="RT0805BRD07111KL" constant="no"/><attribute name="Vendor" value="Yageo America" constant="no"/><attribute name="Manufacturer_Name" value="Yageo" constant="no"/></technology></technologies></device></devices></deviceset><deviceset name="CRCW040220K0FKED" prefix=""><gates><gate name="1" addlevel="always" y="0" x="0" symbol="CRCW040220K0FKED@1"/></gates><devices><device name="CRCW040220K0FKED" package="0402"><connects><connect pad="1" pin="1@1" gate="1"/><connect pad="2" pin="2@2" gate="1"/></connects><technologies><technology name=""><attribute name="Resistance" value="20000.0" constant="no"/><attribute name="Power" value="0.063" constant="no"/><attribute name="Tolerance" value="1.0" constant="no"/><attribute name="Manufacturer_Part_Number" value="CRCW040220K0FKED" constant="no"/><attribute name="Vendor" value="Vishay-Dale" constant="no"/><attribute name="Manufacturer_Name" value="Vishay-Dale" constant="no"/></technology></technologies></device></devices></deviceset><deviceset name="WB_BATTERY" prefix=""><gates><gate name="1" addlevel="always" y="0" x="0" symbol="WB_BATTERY@1"/></gates><devices><device name="WB_BATTERY" package="WB_BATTERY"><connects><connect pad="1" pin="+@1" gate="1"/><connect pad="2" pin="-@2" gate="1"/></connects><technologies><technology name=""><attribute name="Value" value="Value" constant="no"/><attribute name="Manufacturer_Part_Number" value="WB_BATTERY" constant="no"/><attribute name="Manufacturer_Name" value="WB_BATTERY" constant="no"/><attribute name="PowerPortType" value="POWER_GROUND" constant="no"/></technology></technologies></device></devices></deviceset><deviceset name="C3216X6S1V106K160AC" prefix=""><gates><gate name="1" addlevel="always" y="0" x="0" symbol="C3216X6S1V106K160AC@1"/></gates><devices><device name="C3216X6S1V106K160AC" package="1206_180"><connects><connect pad="1" pin="1@1" gate="1"/><connect pad="2" pin="2@2" gate="1"/></connects><technologies><technology name=""><attribute name="Datasheet_URL" value="https://product.tdk.com/en/search/capacitor/ceramic/mlcc/info?part%5Fno%3DC3216X6S1V106K160AC" constant="no"/><attribute name="Cap" value="1.0E-5" constant="no"/><attribute name="ESR" value="0.002229" constant="no"/><attribute name="IRMS" value="4.85932" constant="no"/><attribute name="VDC" value="35.0" constant="no"/><attribute name="Manufacturer_Part_Number" value="C3216X6S1V106K160AC" constant="no"/><attribute name="Vendor" value="TDK" constant="no"/><attribute name="Manufacturer_Name" value="TDK" constant="no"/></technology></technologies></device></devices></deviceset></devicesets></library></libraries><attributes/><variantdefs/><classes><class number="0" name="default" width="0" drill="0"/></classes><parts><part name="CBOOT" library="AcceleratedDesigns_Lib" device="C0805C104M5RACTU" deviceset="C0805C104M5RACTU" value="100nF"/><part name="GND2" library="AcceleratedDesigns_Lib" device="WB_GND" deviceset="WB_GND" value="WB_GND"/><part name="U1" library="AcceleratedDesigns_Lib" device="LMR14010ADDCR" deviceset="LMR14010ADDCR" value="LMR14010ADDCR"/><part name="GND" library="AcceleratedDesigns_Lib" device="WB_GND" deviceset="WB_GND" value="WB_GND"/><part name="CIN" library="AcceleratedDesigns_Lib" device="GRM31CR71H475KA12L" deviceset="GRM31CR71H475KA12L" value="4.7uF"/><part name="GND4" library="AcceleratedDesigns_Lib" device="WB_GND" deviceset="WB_GND" value="WB_GND"/><part name="COUT" library="AcceleratedDesigns_Lib" device="C3216X6S1V106K160AC" deviceset="C3216X6S1V106K160AC" value="10uF"/><part name="D1" library="AcceleratedDesigns_Lib" device="SS24FL" deviceset="SS24FL" value="550mV"/><part name="L1" library="AcceleratedDesigns_Lib" device="NPI105C220MTRF" deviceset="NPI105C220MTRF" value="22uH"/><part name="RFBT" library="AcceleratedDesigns_Lib" device="RT0805BRD07111KL" deviceset="RT0805BRD07111KL" value="111k"/><part name="RFBB" library="AcceleratedDesigns_Lib" device="CRCW040220K0FKED" deviceset="CRCW040220K0FKED" value="20k"/><part name="VIN" library="AcceleratedDesigns_Lib" device="WB_BATTERY" deviceset="WB_BATTERY" value="WB_BATTERY"/><part name="IOUT" library="AcceleratedDesigns_Lib" device="WB_CURRENT_LOAD" deviceset="WB_CURRENT_LOAD" value="WB_CURRENT_LOAD"/><part name="COUT_2" library="AcceleratedDesigns_Lib" device="C3216X6S1V106K160AC" deviceset="C3216X6S1V106K160AC" value="10uF"/></parts><sheets><sheet><plain/><instances><instance part="Cboot" gate="1" x="134.62" y="97.79" rot="R90" smashed="yes"><attribute name="NAME" x="137.668" y="102.108" size="2" layer="95" rot="R0" align="bottom-left"/><attribute name="VALUE" x="137.668" y="97.536" size="2" layer="96" rot="R0" align="bottom-left"/></instance><instance part="GND2" gate="1" x="151.13" y="54.61" rot="R0" smashed="yes"><attribute name="NAME" x="151.13" y="60.198" size="2" layer="95" display="off" rot="R0" align="bottom-center"/></instance><instance part="U1" gate="1" x="95.25" y="83.82" rot="R0" smashed="yes"><attribute name="NAME" x="95.25" y="83.82" size="2" layer="95" rot="R0" align="bottom-center"/><attribute name="TYPE" x="95.25" y="80.01" size="2" layer="96" rot="R0" align="bottom-center"/></instance><instance part="GND" gate="1" x="113.03" y="66.04" rot="R0" smashed="yes"><attribute name="NAME" x="113.03" y="71.628" size="2" layer="95" display="off" rot="R0" align="bottom-center"/></instance><instance part="Cin" gate="1" x="54.61" y="60.96" rot="R90" smashed="yes"><attribute name="NAME" x="57.658" y="65.278" size="2" layer="95" rot="R0" align="bottom-left"/><attribute name="VALUE" x="57.658" y="60.706" size="2" layer="96" rot="R0" align="bottom-left"/></instance><instance part="GND4" gate="1" x="132.08" y="27.94" rot="R0" smashed="yes"><attribute name="NAME" x="132.08" y="33.528" size="2" layer="95" display="off" rot="R0" align="bottom-center"/></instance><instance part="Cout" gate="1" x="229.87" y="58.42" rot="R90" smashed="yes"><attribute name="NAME" x="232.918" y="62.738" size="2" layer="95" rot="R0" align="bottom-left"/><attribute name="VALUE" x="232.918" y="58.166" size="2" layer="96" rot="R0" align="bottom-left"/></instance><instance part="D1" gate="1" x="151.13" y="76.2" rot="R270" smashed="yes"><attribute name="NAME" x="153.67" y="80.01" size="2" layer="95" rot="R0" align="bottom-left"/><attribute name="VALUE" x="153.67" y="75.438" size="2" layer="96" rot="R0" align="bottom-left"/></instance><instance part="L1" gate="1" x="173.99" y="86.36" rot="R0" smashed="yes"><attribute name="NAME" x="173.99" y="90.678" size="2" layer="95" rot="R0" align="bottom-center"/><attribute name="VALUE" x="173.99" y="81.28" size="2" layer="96" rot="R0" align="bottom-center"/></instance><instance part="Rfbt" gate="1" x="204.47" y="73.66" rot="R90" smashed="yes"><attribute name="NAME" x="205.994" y="76.454" size="2" layer="95" rot="R0" align="bottom-left"/><attribute name="VALUE" x="205.994" y="71.882" size="2" layer="96" rot="R0" align="bottom-left"/></instance><instance part="Rfbb" gate="1" x="204.47" y="41.91" rot="R90" smashed="yes"><attribute name="NAME" x="205.994" y="44.704" size="2" layer="95" rot="R0" align="bottom-left"/><attribute name="VALUE" x="205.994" y="40.132" size="2" layer="96" rot="R0" align="bottom-left"/></instance><instance part="Vin" gate="1" x="29.21" y="66.04" rot="R270" smashed="yes"><attribute name="NAME" x="33.02" y="71.12" size="2" layer="95" rot="R0" align="bottom-left"/></instance><instance part="Iout" gate="1" x="278.13" y="50.8" rot="R270" smashed="yes"><attribute name="NAME" x="282.194" y="56.134" size="2" layer="95" rot="R0" align="bottom-left"/></instance><instance part="Cout_2" gate="1" x="247.65" y="58.42" rot="R90" smashed="yes"><attribute name="NAME" x="250.698" y="62.738" size="2" layer="95" rot="R0" align="bottom-left"/><attribute name="VALUE" x="250.698" y="58.166" size="2" layer="96" rot="R0" align="bottom-left"/></instance></instances><busses/><nets><net name="1" class="0"><segment><pinref part="Cboot" pin="1@1" gate="1"/><pinref part="U1" pin="CB@1" gate="1"/><wire x1="113.03" y1="93.98" x2="113.03" y2="105.41" width="0" layer="91"/><wire x1="113.03" y1="105.41" x2="134.62" y2="105.41" width="0" layer="91"/></segment></net><net name="6" class="0"><segment><pinref part="Cboot" pin="2@2" gate="1"/><pinref part="U1" pin="SW@6" gate="1"/><pinref part="D1" pin="K@2" gate="1"/><pinref part="L1" pin="1@1" gate="1"/><wire x1="134.62" y1="90.17" x2="134.62" y2="86.36" width="0" layer="91"/><wire x1="151.13" y1="83.82" x2="151.13" y2="86.36" width="0" layer="91"/><wire x1="113.03" y1="86.36" x2="166.37" y2="86.36" width="0" layer="91"/></segment></net><net name="0" class="0"><segment><pinref part="GND2" pin="1@1" gate="1"/><pinref part="U1" pin="GND@2" gate="1"/><pinref part="GND" pin="1@1" gate="1"/><pinref part="Cin" pin="2@2" gate="1"/><pinref part="GND4" pin="1@1" gate="1"/><pinref part="Cout" pin="2@2" gate="1"/><pinref part="D1" pin="A@1" gate="1"/><pinref part="Rfbb" pin="2@2" gate="1"/><pinref part="Vin" pin="-@2" gate="1"/><pinref part="Iout" pin="-@2" gate="1"/><pinref part="Cout_2" pin="2@2" gate="1"/><wire x1="113.03" y1="71.12" x2="113.03" y2="68.58" width="0" layer="91"/><wire x1="204.47" y1="34.29" x2="204.47" y2="30.48" width="0" layer="91"/><wire x1="54.61" y1="53.34" x2="54.61" y2="30.48" width="0" layer="91"/><wire x1="229.87" y1="50.8" x2="229.87" y2="30.48" width="0" layer="91"/><wire x1="151.13" y1="57.15" x2="151.13" y2="68.58" width="0" layer="91"/><wire x1="29.21" y1="30.48" x2="278.13" y2="30.48" width="0" layer="91"/><wire x1="29.21" y1="30.48" x2="29.21" y2="58.42" width="0" layer="91"/><wire x1="278.13" y1="30.48" x2="278.13" y2="43.18" width="0" layer="91"/><wire x1="229.87" y1="50.8" x2="247.65" y2="50.8" width="0" layer="91"/></segment></net><net name="2" class="0"><segment><pinref part="U1" pin="FB@3" gate="1"/><pinref part="Rfbt" pin="2@2" gate="1"/><pinref part="Rfbb" pin="1@1" gate="1"/><wire x1="204.47" y1="66.04" x2="204.47" y2="49.53" width="0" layer="91"/><wire x1="123.19" y1="50.8" x2="204.47" y2="50.8" width="0" layer="91"/><wire x1="113.03" y1="76.2" x2="123.19" y2="76.2" width="0" layer="91"/><wire x1="123.19" y1="76.2" x2="123.19" y2="50.8" width="0" layer="91"/></segment></net><net name="4" class="0"><segment><pinref part="U1" pin="VIN@5" gate="1"/><pinref part="Cin" pin="1@1" gate="1"/><pinref part="Vin" pin="+@1" gate="1"/><wire x1="29.21" y1="93.98" x2="77.47" y2="93.98" width="0" layer="91"/><wire x1="54.61" y1="68.58" x2="54.61" y2="93.98" width="0" layer="91"/><wire x1="29.21" y1="73.66" x2="29.21" y2="93.98" width="0" layer="91"/></segment></net><net name="5" class="0"><segment><pinref part="Cout" pin="1@1" gate="1"/><pinref part="L1" pin="2@2" gate="1"/><pinref part="Rfbt" pin="1@1" gate="1"/><pinref part="Iout" pin="+@1" gate="1"/><pinref part="Cout_2" pin="1@1" gate="1"/><wire x1="204.47" y1="86.36" x2="204.47" y2="81.28" width="0" layer="91"/><wire x1="229.87" y1="66.04" x2="229.87" y2="86.36" width="0" layer="91"/><wire x1="181.61" y1="86.36" x2="278.13" y2="86.36" width="0" layer="91"/><wire x1="278.13" y1="58.42" x2="278.13" y2="86.36" width="0" layer="91"/><wire x1="229.87" y1="66.04" x2="247.65" y2="66.04" width="0" layer="91"/></segment></net></nets></sheet></sheets></schematic></drawing></eagle>
